T_ANALF15M,T_ATRASO_2_BASICO,T_FUND18M,AGUA_ESGOTO,T_DENS,T_LIXO,GINI,PPOB,T_FUNDIN18MINF,P_FORMAL,T_DES18M,RAZDEP,IDHM
13.65,13.19,27.66,2.83,35.62,75.28,0.52,61.05,62.61,34.7,11.92,63.76,0.592
5.78,11.53,43.0,0.26,36.25,99.87,0.4,31.7,39.84,64.73,15.43,44.37,0.664
9.56,19.76,33.16,1.26,50.46,93.86,0.44,49.5,46.76,62.37,19.76,65.93,0.582
13.71,26.05,23.03,6.06,44.57,85.6,0.41,62.13,53.18,62.97,25.15,60.15,0.529
12.18,26.83,28.0,0.4,54.62,99.93,0.4,67.85,50.09,61.2,21.91,47.33,0.531
4.92,26.83,28.0,0.4,54.62,99.93,0.4,67.85,50.09,61.2,21.91,44.84,0.531
10.38,26.05,23.03,6.06,44.57,85.6,0.41,62.13,53.18,62.97,25.15,51.05,0.529
9.72,26.83,28.0,0.4,54.62,99.93,0.4,67.85,50.09,61.2,21.91,57.05,0.531
9.36,22.62,28.04,0.6,52.7,98.13,0.43,57.78,49.93,58.86,21.14,63.42,0.546
12.8,25.73,21.65,1.88,52.41,96.2,0.39,66.84,48.63,66.17,18.76,54.97,0.517
9.38,22.11,31.15,1.98,47.19,95.73,0.42,54.13,47.82,64.85,25.81,56.13,0.57
2.34,22.62,28.04,0.6,52.7,98.13,0.43,57.78,49.93,58.86,21.14,44.32,0.546
11.5,22.62,28.04,0.6,52.7,98.13,0.43,57.78,49.93,58.86,21.14,54.64,0.546
5.76,22.62,28.04,0.6,52.7,98.13,0.43,57.78,49.93,58.86,21.14,41.22,0.546
3.17,15.1,53.86,0.0,24.48,99.53,0.45,25.68,34.5,66.75,17.96,41.52,0.702
2.6,9.43,62.85,0.12,21.42,99.02,0.47,15.19,27.49,67.48,16.27,37.66,0.753
4.01,14.7,52.14,1.03,33.79,98.99,0.46,25.88,34.47,65.84,17.77,44.42,0.692
5.33,14.83,46.65,0.77,31.03,99.01,0.41,33.44,38.27,68.94,19.82,45.54,0.66
6.03,17.46,42.77,0.3,33.66,99.15,0.42,39.65,41.88,66.79,21.83,47.8,0.629
8.4,16.04,38.15,2.7,42.21,97.36,0.45,45.4,41.6,66.56,17.97,51.64,0.621
8.61,20.09,30.66,1.47,47.52,95.4,0.39,52.04,46.29,65.47,20.49,47.78,0.572
9.08,20.37,32.62,0.99,43.18,99.22,0.41,51.77,48.01,62.87,23.46,55.56,0.586
6.03,16.04,38.15,2.7,42.21,97.36,0.45,45.4,41.6,66.56,17.97,47.29,0.621
4.4,17.86,48.15,0.1,33.36,99.36,0.41,27.61,36.49,67.37,16.62,43.08,0.669
6.66,14.98,51.36,0.27,29.73,98.01,0.41,24.6,33.16,69.43,17.88,48.47,0.688
2.13,10.52,80.79,0.16,14.79,99.0,0.51,11.5,11.72,74.25,10.55,39.72,0.834
2.11,11.62,62.94,0.0,19.21,99.42,0.43,18.03,28.95,69.89,16.99,38.3,0.747
0.96,6.09,90.3,0.18,4.56,99.35,0.5,3.76,5.1,69.06,9.61,30.54,0.909
0.7,7.38,90.01,0.0,2.94,99.96,0.46,0.68,6.7,75.47,9.84,38.36,0.916
0.91,11.02,85.29,0.0,5.59,100.0,0.46,1.05,10.88,66.81,10.36,37.25,0.869
0.6,3.47,92.15,0.0,2.29,99.79,0.43,1.23,4.78,72.64,10.17,33.25,0.909
0.85,4.91,88.23,0.0,4.15,99.7,0.49,3.33,7.55,73.52,10.38,37.6,0.896
17.11,26.83,28.0,0.4,54.62,99.93,0.4,67.85,50.09,61.2,21.91,70.44,0.531
8.65,19.76,33.16,1.26,50.46,93.86,0.44,49.5,46.76,62.37,19.76,53.14,0.582
16.58,19.76,33.16,1.26,50.46,93.86,0.44,49.5,46.76,62.37,19.76,52.01,0.582
15.19,19.76,33.16,1.26,50.46,93.86,0.44,49.5,46.76,62.37,19.76,64.67,0.582
13.99,24.66,21.61,5.36,52.7,90.82,0.44,61.68,48.79,64.45,18.59,61.43,0.515
1.41,5.28,89.82,0.0,1.43,100.0,0.4,1.19,4.09,71.07,9.55,32.62,0.905
0.72,5.16,90.48,0.28,2.73,99.53,0.5,1.45,5.03,70.12,8.85,30.61,0.913
0.64,3.08,90.04,0.0,2.75,100.0,0.49,0.54,5.62,77.24,8.66,34.94,0.922
0.67,5.16,90.48,0.28,2.73,99.53,0.5,1.45,5.03,70.12,8.85,26.68,0.913
0.47,5.16,90.48,0.28,2.73,99.53,0.5,1.45,5.03,70.12,8.85,24.8,0.913
1.5,12.7,80.81,0.0,10.98,99.97,0.47,6.96,15.09,68.6,13.93,40.07,0.833
1.54,8.22,75.39,0.0,14.67,100.0,0.47,9.21,19.05,71.54,12.63,39.0,0.818
6.34,19.87,39.74,1.09,42.86,98.24,0.52,40.99,42.35,63.54,19.32,48.95,0.652
8.36,22.93,34.06,0.56,42.07,97.7,0.48,47.6,46.61,63.46,20.25,38.07,0.606
5.0,14.92,48.84,0.09,35.46,98.73,0.45,29.86,36.71,64.88,17.88,46.27,0.684
3.38,19.44,43.95,0.39,42.46,98.58,0.48,38.57,40.05,62.24,18.8,40.35,0.649
10.6,24.85,33.35,2.04,48.78,98.82,0.45,49.82,44.82,65.37,19.76,55.12,0.581
4.89,11.09,50.36,0.0,33.07,97.93,0.46,25.56,34.75,68.96,16.08,45.83,0.694
5.9,19.44,43.95,0.39,42.46,98.58,0.48,38.57,40.05,62.24,18.8,49.03,0.649
2.64,12.0,65.23,0.46,23.82,99.48,0.48,13.93,25.82,69.7,12.28,43.2,0.759
7.87,13.25,67.61,0.22,19.81,99.62,0.51,15.65,25.22,69.54,14.32,59.38,0.775
2.34,13.25,67.61,0.22,19.81,99.62,0.51,15.65,25.22,69.54,14.32,43.39,0.775
2.71,11.86,59.67,0.66,29.36,99.71,0.48,18.16,30.43,66.51,16.57,44.16,0.736
2.93,13.69,61.83,0.0,28.33,99.95,0.47,19.85,28.99,69.37,14.91,44.38,0.744
3.78,17.62,55.51,0.14,33.5,99.86,0.46,24.53,31.88,68.91,13.98,45.77,0.701
9.04,22.93,34.06,0.56,42.07,97.7,0.48,47.6,46.61,63.46,20.25,53.75,0.606
4.48,22.93,34.06,0.56,42.07,97.7,0.48,47.6,46.61,63.46,20.25,49.82,0.606
12.8,31.12,23.07,5.43,58.53,75.71,0.45,63.71,50.49,66.26,25.93,64.7,0.494
9.76,20.37,32.62,0.99,43.18,99.22,0.41,51.77,48.01,62.87,23.46,57.5,0.586
17.67,22.93,34.06,0.56,42.07,97.7,0.48,47.6,46.61,63.46,20.25,53.63,0.606
16.42,22.93,34.06,0.56,42.07,97.7,0.48,47.6,46.61,63.46,20.25,58.08,0.606
13.55,22.93,34.06,0.56,42.07,97.7,0.48,47.6,46.61,63.46,20.25,56.53,0.606
8.38,22.93,34.06,0.56,42.07,97.7,0.48,47.6,46.61,63.46,20.25,53.32,0.606
1.58,10.63,76.24,0.0,11.53,99.72,0.47,5.68,17.89,71.98,12.01,37.26,0.823
0.71,7.14,86.99,0.0,4.58,99.76,0.43,3.48,9.97,76.31,11.54,32.73,0.865
2.63,10.52,80.79,0.16,14.79,99.0,0.51,11.5,11.72,74.25,10.55,39.7,0.834
0.74,10.52,80.79,0.16,14.79,99.0,0.51,11.5,11.72,74.25,10.55,38.59,0.834
2.06,13.43,69.69,0.0,15.63,99.78,0.47,10.73,22.17,66.78,13.28,40.62,0.783
2.1,10.27,68.19,0.0,18.27,100.0,0.45,8.11,24.79,66.74,10.51,42.76,0.796
6.19,18.17,40.61,0.4,38.64,98.47,0.43,36.58,40.12,65.5,16.46,46.21,0.638
7.83,28.62,31.79,0.0,47.38,98.65,0.45,52.11,48.67,62.27,20.72,54.91,0.577
8.42,22.62,28.04,0.6,52.7,98.13,0.43,57.78,49.93,58.86,21.14,49.33,0.546
6.85,16.95,41.06,0.37,36.19,98.06,0.42,40.13,40.88,67.66,18.45,47.8,0.636
2.08,10.9,66.19,0.03,20.08,99.79,0.48,14.95,26.15,66.16,12.39,39.38,0.76
3.82,11.86,59.67,0.66,29.36,99.71,0.48,18.16,30.43,66.51,16.57,43.84,0.736
4.63,12.37,61.94,0.37,23.45,99.11,0.5,22.72,27.9,65.47,15.23,40.07,0.731
3.2,15.95,56.31,0.0,24.83,99.83,0.5,24.39,32.23,65.02,13.6,42.77,0.735
5.55,17.58,50.56,0.33,32.77,98.5,0.54,29.96,34.86,65.9,15.12,42.69,0.694
2.8,15.95,56.31,0.0,24.83,99.83,0.5,24.39,32.23,65.02,13.6,46.06,0.735
3.55,8.65,53.87,0.0,31.24,99.57,0.46,28.36,35.68,60.9,17.97,45.8,0.707
4.53,14.7,52.14,1.03,33.79,98.99,0.46,25.88,34.47,65.84,17.77,40.06,0.692
2.18,14.7,52.14,1.03,33.79,98.99,0.46,25.88,34.47,65.84,17.77,37.06,0.692
4.62,13.46,45.93,0.1,37.37,98.66,0.43,28.65,38.45,62.86,14.4,46.14,0.667
7.84,18.53,38.67,0.51,42.69,94.42,0.43,42.22,39.99,63.78,16.78,50.48,0.615
18.52,26.83,28.0,0.4,54.62,99.93,0.4,67.85,50.09,61.2,21.91,58.28,0.531
7.14,26.83,28.0,0.4,54.62,99.93,0.4,67.85,50.09,61.2,21.91,52.27,0.531
10.58,26.83,28.0,0.4,54.62,99.93,0.4,67.85,50.09,61.2,21.91,51.48,0.531
13.25,26.83,28.0,0.4,54.62,99.93,0.4,67.85,50.09,61.2,21.91,75.63,0.531
7.17,26.83,28.0,0.4,54.62,99.93,0.4,67.85,50.09,61.2,21.91,46.06,0.531
10.68,26.83,28.0,0.4,54.62,99.93,0.4,67.85,50.09,61.2,21.91,53.66,0.531
13.63,26.83,28.0,0.4,54.62,99.93,0.4,67.85,50.09,61.2,21.91,76.79,0.531
9.97,26.83,28.0,0.4,54.62,99.93,0.4,67.85,50.09,61.2,21.91,52.66,0.531
11.69,28.79,25.24,1.06,52.19,92.1,0.43,61.98,47.46,64.98,21.13,56.88,0.54
15.57,26.83,28.0,0.4,54.62,99.93,0.4,67.85,50.09,61.2,21.91,58.61,0.531
8.13,26.83,28.0,0.4,54.62,99.93,0.4,67.85,50.09,61.2,21.91,47.9,0.531
4.6,26.83,28.0,0.4,54.62,99.93,0.4,67.85,50.09,61.2,21.91,48.04,0.531
0.68,12.85,76.61,0.08,13.83,99.3,0.5,10.3,17.2,71.69,11.83,31.02,0.806
2.05,12.85,76.61,0.08,13.83,99.3,0.5,10.3,17.2,71.69,11.83,37.27,0.806
1.62,11.12,73.5,0.07,16.54,99.67,0.5,9.26,19.98,65.73,13.04,38.44,0.8
2.2,10.9,66.19,0.03,20.08,99.79,0.48,14.95,26.15,66.16,12.39,45.85,0.76
5.33,28.79,25.24,1.06,52.19,92.1,0.43,61.98,47.46,64.98,21.13,54.53,0.54
6.74,19.76,33.16,1.26,50.46,93.86,0.44,49.5,46.76,62.37,19.76,53.09,0.582
10.17,19.87,39.74,1.09,42.86,98.24,0.52,40.99,42.35,63.54,19.32,47.47,0.652
14.98,28.79,25.24,1.06,52.19,92.1,0.43,61.98,47.46,64.98,21.13,62.28,0.54
9.54,20.78,32.51,1.52,45.98,98.18,0.45,49.0,48.5,62.83,15.76,52.61,0.581
6.93,28.79,25.24,1.06,52.19,92.1,0.43,61.98,47.46,64.98,21.13,47.38,0.54
10.95,28.79,25.24,1.06,52.19,92.1,0.43,61.98,47.46,64.98,21.13,62.61,0.54
11.84,28.62,31.79,0.0,47.38,98.65,0.45,52.11,48.67,62.27,20.72,60.47,0.577
10.24,28.62,31.79,0.0,47.38,98.65,0.45,52.11,48.67,62.27,20.72,55.85,0.577
12.44,27.97,22.23,3.39,48.96,93.2,0.43,63.43,54.33,60.14,20.21,57.02,0.512
7.72,22.93,34.06,0.56,42.07,97.7,0.48,47.6,46.61,63.46,20.25,45.86,0.606
4.85,14.87,50.54,0.0,33.62,100.0,0.43,29.29,35.72,63.67,16.4,42.87,0.686
3.43,19.44,43.14,0.64,38.66,99.37,0.45,35.73,40.44,65.24,17.01,40.54,0.642
5.36,19.44,43.14,0.64,38.66,99.37,0.45,35.73,40.44,65.24,17.01,48.08,0.642
5.34,17.58,50.56,0.33,32.77,98.5,0.54,29.96,34.86,65.9,15.12,48.89,0.694
2.37,11.62,62.94,0.0,19.21,99.42,0.43,18.03,28.95,69.89,16.99,40.95,0.747
3.02,17.58,50.56,0.33,32.77,98.5,0.54,29.96,34.86,65.9,15.12,42.97,0.694
3.1,17.33,52.88,0.18,34.59,99.83,0.48,24.34,34.79,67.42,13.3,44.01,0.707
3.62,13.38,52.54,0.03,28.46,99.45,0.45,25.72,35.51,65.89,17.07,44.12,0.696
2.9,14.73,66.73,0.06,20.07,99.7,0.49,13.95,25.94,68.43,15.62,42.73,0.772
1.21,12.0,65.23,0.46,23.82,99.48,0.48,13.93,25.82,69.7,12.28,34.86,0.759
3.0,9.19,59.98,0.0,26.4,99.87,0.46,16.42,30.81,63.43,16.94,42.31,0.741
2.76,12.37,61.94,0.37,23.45,99.11,0.5,22.72,27.9,65.47,15.23,42.76,0.731
3.58,17.58,50.56,0.33,32.77,98.5,0.54,29.96,34.86,65.9,15.12,41.45,0.694
1.64,9.42,76.18,0.0,17.99,99.74,0.45,8.86,18.0,70.12,10.99,41.22,0.813
1.77,9.7,76.64,0.0,14.25,100.0,0.53,7.82,17.78,70.4,10.11,39.67,0.83
3.25,20.66,52.03,0.83,30.43,99.11,0.46,31.39,33.11,62.83,15.6,53.21,0.676
3.24,11.58,66.46,0.59,17.34,99.35,0.47,14.79,24.53,65.95,14.17,40.18,0.765
4.07,17.47,53.7,0.11,31.62,99.64,0.45,22.42,32.93,65.34,16.18,42.13,0.697
4.0,12.37,61.94,0.37,23.45,99.11,0.5,22.72,27.9,65.47,15.23,46.19,0.731
5.18,18.6,44.18,0.4,38.5,97.38,0.4,35.64,39.44,63.29,17.21,43.58,0.632
9.43,24.29,28.07,1.16,55.7,99.49,0.41,59.9,50.09,58.86,21.81,50.19,0.562
6.74,19.44,43.14,0.64,38.66,99.37,0.45,35.73,40.44,65.24,17.01,44.48,0.642
12.42,20.81,38.6,0.8,42.93,96.82,0.46,41.72,41.79,63.81,21.02,56.89,0.624
6.23,20.81,38.6,0.8,42.93,96.82,0.46,41.72,41.79,63.81,21.02,56.18,0.624
10.71,26.83,28.0,0.4,54.62,99.93,0.4,67.85,50.09,61.2,21.91,68.27,0.531
9.09,22.62,28.04,0.6,52.7,98.13,0.43,57.78,49.93,58.86,21.14,50.2,0.546
5.19,19.87,39.74,1.09,42.86,98.24,0.52,40.99,42.35,63.54,19.32,48.52,0.652
14.5,26.83,28.0,0.4,54.62,99.93,0.4,67.85,50.09,61.2,21.91,73.98,0.531
9.36,26.83,28.0,0.4,54.62,99.93,0.4,67.85,50.09,61.2,21.91,59.64,0.531
6.97,20.81,38.6,0.8,42.93,96.82,0.46,41.72,41.79,63.81,21.02,50.0,0.624
11.79,27.97,22.23,3.39,48.96,93.2,0.43,63.43,54.33,60.14,20.21,61.92,0.512
8.13,22.62,28.04,0.6,52.7,98.13,0.43,57.78,49.93,58.86,21.14,52.34,0.546
8.11,20.81,38.6,0.8,42.93,96.82,0.46,41.72,41.79,63.81,21.02,54.49,0.624
8.76,22.93,34.06,0.56,42.07,97.7,0.48,47.6,46.61,63.46,20.25,50.32,0.606
8.03,14.92,48.84,0.09,35.46,98.73,0.45,29.86,36.71,64.88,17.88,50.47,0.684
7.08,16.95,41.06,0.37,36.19,98.06,0.42,40.13,40.88,67.66,18.45,44.36,0.636
5.66,20.26,46.0,0.2,34.43,98.34,0.44,29.15,38.36,64.41,18.72,50.74,0.669
1.73,10.63,76.24,0.0,11.53,99.72,0.47,5.68,17.89,71.98,12.01,35.0,0.823
6.41,14.92,48.84,0.09,35.46,98.73,0.45,29.86,36.71,64.88,17.88,41.45,0.684
5.27,20.81,38.6,0.8,42.93,96.82,0.46,41.72,41.79,63.81,21.02,48.18,0.624
2.15,12.85,76.61,0.08,13.83,99.3,0.5,10.3,17.2,71.69,11.83,44.85,0.806
10.13,22.62,28.04,0.6,52.7,98.13,0.43,57.78,49.93,58.86,21.14,65.71,0.546
7.52,19.36,41.92,1.3,40.75,93.44,0.45,40.93,39.76,62.86,15.05,47.13,0.642
2.32,10.9,66.19,0.03,20.08,99.79,0.48,14.95,26.15,66.16,12.39,37.23,0.76
2.38,20.26,46.0,0.2,34.43,98.34,0.44,29.15,38.36,64.41,18.72,42.42,0.669
8.18,20.81,38.6,0.8,42.93,96.82,0.46,41.72,41.79,63.81,21.02,53.44,0.624
3.57,12.37,61.94,0.37,23.45,99.11,0.5,22.72,27.9,65.47,15.23,42.51,0.731
7.89,22.62,28.04,0.6,52.7,98.13,0.43,57.78,49.93,58.86,21.14,53.04,0.546
3.08,20.26,46.0,0.2,34.43,98.34,0.44,29.15,38.36,64.41,18.72,42.03,0.669
4.7,12.17,50.87,0.0,28.75,99.48,0.46,27.19,34.62,61.85,17.19,45.89,0.681
1.09,8.05,84.85,0.03,9.0,99.32,0.5,5.67,8.01,76.31,9.71,35.29,0.881
14.12,34.21,25.93,0.64,50.52,90.07,0.56,62.59,51.04,68.43,24.89,58.5,0.546
11.84,22.93,34.06,0.56,42.07,97.7,0.48,47.6,46.61,63.46,20.25,55.55,0.606
14.25,26.83,28.0,0.4,54.62,99.93,0.4,67.85,50.09,61.2,21.91,59.23,0.531
14.41,20.78,32.51,1.52,45.98,98.18,0.45,49.0,48.5,62.83,15.76,55.58,0.581
4.86,26.83,28.0,0.4,54.62,99.93,0.4,67.85,50.09,61.2,21.91,45.22,0.531
7.96,27.97,22.23,3.39,48.96,93.2,0.43,63.43,54.33,60.14,20.21,44.68,0.512
0.72,5.88,87.91,0.0,4.18,100.0,0.43,3.02,9.05,72.01,10.06,36.94,0.883
1.7,9.51,78.87,0.0,11.26,99.94,0.47,8.63,15.41,72.16,11.25,38.15,0.835
10.61,19.76,33.16,1.26,50.46,93.86,0.44,49.5,46.76,62.37,19.76,48.55,0.582
4.67,25.2,33.61,0.84,41.69,98.7,0.41,47.26,46.54,61.24,20.47,46.37,0.587
11.34,26.83,28.0,0.4,54.62,99.93,0.4,67.85,50.09,61.2,21.91,50.57,0.531
8.52,25.2,33.61,0.84,41.69,98.7,0.41,47.26,46.54,61.24,20.47,46.48,0.587
9.05,19.76,33.16,1.26,50.46,93.86,0.44,49.5,46.76,62.37,19.76,52.53,0.582
5.48,25.2,33.61,0.84,41.69,98.7,0.41,47.26,46.54,61.24,20.47,42.84,0.587
9.72,26.83,28.0,0.4,54.62,99.93,0.4,67.85,50.09,61.2,21.91,49.8,0.531
9.12,25.75,34.12,0.27,42.37,99.03,0.42,46.29,46.99,63.33,18.46,49.71,0.607
15.66,24.29,28.07,1.16,55.7,99.49,0.41,59.9,50.09,58.86,21.81,66.43,0.562
11.07,20.78,32.51,1.52,45.98,98.18,0.45,49.0,48.5,62.83,15.76,49.55,0.581
5.12,22.93,34.06,0.56,42.07,97.7,0.48,47.6,46.61,63.46,20.25,48.44,0.606
11.37,19.87,39.74,1.09,42.86,98.24,0.52,40.99,42.35,63.54,19.32,51.94,0.652
5.05,19.76,33.16,1.26,50.46,93.86,0.44,49.5,46.76,62.37,19.76,42.21,0.582
4.49,14.98,51.36,0.27,29.73,98.01,0.41,24.6,33.16,69.43,17.88,42.91,0.688
5.4,20.26,46.0,0.2,34.43,98.34,0.44,29.15,38.36,64.41,18.72,43.5,0.669
6.46,14.7,52.14,1.03,33.79,98.99,0.46,25.88,34.47,65.84,17.77,46.85,0.692
3.16,14.98,51.36,0.27,29.73,98.01,0.41,24.6,33.16,69.43,17.88,40.46,0.688
8.96,19.76,33.16,1.26,50.46,93.86,0.44,49.5,46.76,62.37,19.76,44.97,0.582
9.04,25.2,33.61,0.84,41.69,98.7,0.41,47.26,46.54,61.24,20.47,52.66,0.587
5.45,25.2,33.61,0.84,41.69,98.7,0.41,47.26,46.54,61.24,20.47,52.63,0.587
4.57,20.66,52.03,0.83,30.43,99.11,0.46,31.39,33.11,62.83,15.6,42.36,0.676
5.33,15.28,50.19,0.45,34.26,99.76,0.5,27.25,36.28,63.28,16.22,47.38,0.679
3.04,13.43,64.47,0.0,23.77,100.0,0.49,17.08,25.24,68.04,11.88,42.68,0.763
1.84,12.85,76.61,0.08,13.83,99.3,0.5,10.3,17.2,71.69,11.83,40.06,0.806
2.03,11.58,66.46,0.59,17.34,99.35,0.47,14.79,24.53,65.95,14.17,37.03,0.765
3.11,11.62,62.94,0.0,19.21,99.42,0.43,18.03,28.95,69.89,16.99,39.53,0.747
5.09,17.58,50.56,0.33,32.77,98.5,0.54,29.96,34.86,65.9,15.12,41.99,0.694
3.56,11.5,59.93,0.12,25.69,98.94,0.44,19.16,28.83,67.93,15.32,39.5,0.726
2.2,11.73,69.11,0.12,18.29,99.65,0.45,13.73,22.98,69.2,13.67,39.19,0.751
3.49,8.05,84.85,0.03,9.0,99.32,0.5,5.67,8.01,76.31,9.71,38.25,0.879
1.07,10.52,80.79,0.16,14.79,99.0,0.51,11.5,11.72,74.25,10.55,37.2,0.834
2.32,10.52,80.79,0.16,14.79,99.0,0.51,11.5,11.72,74.25,10.55,43.45,0.834
4.54,10.52,80.79,0.16,14.79,99.0,0.51,11.5,11.72,74.25,10.55,41.12,0.834
0.77,10.52,80.79,0.16,14.79,99.0,0.51,11.5,11.72,74.25,10.55,38.33,0.834
3.08,10.52,80.79,0.16,14.79,99.0,0.51,11.5,11.72,74.25,10.55,35.66,0.834
1.12,9.93,82.63,0.12,9.59,99.88,0.45,6.79,13.35,69.36,11.73,37.3,0.845
2.24,10.52,80.79,0.16,14.79,99.0,0.51,11.5,11.72,74.25,10.55,36.63,0.834
1.28,9.38,81.45,0.32,13.7,100.0,0.47,8.32,13.72,70.33,12.89,35.95,0.833
3.5,10.52,80.79,0.16,14.79,99.0,0.51,11.5,11.72,74.25,10.55,43.45,0.834
1.1,12.0,65.23,0.46,23.82,99.48,0.48,13.93,25.82,69.7,12.28,41.77,0.759
1.12,8.65,74.91,0.0,11.52,99.72,0.45,8.32,19.22,68.48,15.41,33.85,0.805
2.62,12.0,65.23,0.46,23.82,99.48,0.48,13.93,25.82,69.7,12.28,40.11,0.759
17.26,26.83,28.0,0.4,54.62,99.93,0.4,67.85,50.09,61.2,21.91,67.71,0.531
10.38,20.09,30.66,1.47,47.52,95.4,0.39,52.04,46.29,65.47,20.49,52.52,0.572
16.91,27.97,22.23,3.39,48.96,93.2,0.43,63.43,54.33,60.14,20.21,50.76,0.512
12.5,27.97,22.23,3.39,48.96,93.2,0.43,63.43,54.33,60.14,20.21,55.47,0.512
12.2,26.83,28.0,0.4,54.62,99.93,0.4,67.85,50.09,61.2,21.91,63.88,0.531
3.22,28.79,25.24,1.06,52.19,92.1,0.43,61.98,47.46,64.98,21.13,44.87,0.54
6.54,25.2,33.61,0.84,41.69,98.7,0.41,47.26,46.54,61.24,20.47,53.76,0.587
5.69,28.79,25.24,1.06,52.19,92.1,0.43,61.98,47.46,64.98,21.13,57.78,0.54
9.09,19.76,33.16,1.26,50.46,93.86,0.44,49.5,46.76,62.37,19.76,49.94,0.582
19.24,28.79,25.24,1.06,52.19,92.1,0.43,61.98,47.46,64.98,21.13,61.69,0.54
4.86,14.7,52.14,1.03,33.79,98.99,0.46,25.88,34.47,65.84,17.77,45.06,0.692
5.65,12.0,65.23,0.46,23.82,99.48,0.48,13.93,25.82,69.7,12.28,49.25,0.759
6.53,17.58,50.56,0.33,32.77,98.5,0.54,29.96,34.86,65.9,15.12,46.74,0.694
2.57,17.58,50.56,0.33,32.77,98.5,0.54,29.96,34.86,65.9,15.12,41.42,0.694
4.49,9.96,47.54,0.0,30.27,98.54,0.44,30.89,37.71,66.36,16.28,44.15,0.682
4.14,17.58,50.56,0.33,32.77,98.5,0.54,29.96,34.86,65.9,15.12,43.33,0.694
2.49,15.95,56.31,0.0,24.83,99.83,0.5,24.39,32.23,65.02,13.6,45.15,0.735
2.95,17.58,50.56,0.33,32.77,98.5,0.54,29.96,34.86,65.9,15.12,41.09,0.694
6.16,16.04,38.15,2.7,42.21,97.36,0.45,45.4,41.6,66.56,17.97,46.72,0.621
7.88,22.93,34.06,0.56,42.07,97.7,0.48,47.6,46.61,63.46,20.25,51.77,0.606
8.69,19.44,43.95,0.39,42.46,98.58,0.48,38.57,40.05,62.24,18.8,53.43,0.649
5.88,19.36,41.92,1.3,40.75,93.44,0.45,40.93,39.76,62.86,15.05,48.49,0.642
8.41,19.76,33.16,1.26,50.46,93.86,0.44,49.5,46.76,62.37,19.76,50.7,0.582
8.38,19.44,43.95,0.39,42.46,98.58,0.48,38.57,40.05,62.24,18.8,51.57,0.649
10.32,26.83,28.0,0.4,54.62,99.93,0.4,67.85,50.09,61.2,21.91,51.25,0.531
11.84,19.36,41.92,1.3,40.75,93.44,0.45,40.93,39.76,62.86,15.05,56.13,0.642
11.4,22.62,28.04,0.6,52.7,98.13,0.43,57.78,49.93,58.86,21.14,54.11,0.546
9.36,20.37,32.62,0.99,43.18,99.22,0.41,51.77,48.01,62.87,23.46,55.58,0.586
12.4,22.62,28.04,0.6,52.7,98.13,0.43,57.78,49.93,58.86,21.14,55.71,0.546
12.72,26.83,28.0,0.4,54.62,99.93,0.4,67.85,50.09,61.2,21.91,61.21,0.531
11.54,26.83,28.0,0.4,54.62,99.93,0.4,67.85,50.09,61.2,21.91,56.77,0.531
9.9,28.62,31.79,0.0,47.38,98.65,0.45,52.11,48.67,62.27,20.72,49.48,0.577
11.1,25.2,33.61,0.84,41.69,98.7,0.41,47.26,46.54,61.24,20.47,50.34,0.587
9.06,20.78,32.51,1.52,45.98,98.18,0.45,49.0,48.5,62.83,15.76,50.73,0.581
9.21,19.76,33.16,1.26,50.46,93.86,0.44,49.5,46.76,62.37,19.76,51.36,0.582
8.68,20.37,32.62,0.99,43.18,99.22,0.41,51.77,48.01,62.87,23.46,51.87,0.586
8.13,19.76,33.16,1.26,50.46,93.86,0.44,49.5,46.76,62.37,19.76,46.36,0.582
6.51,19.76,33.16,1.26,50.46,93.86,0.44,49.5,46.76,62.37,19.76,44.34,0.582
3.31,19.76,33.16,1.26,50.46,93.86,0.44,49.5,46.76,62.37,19.76,50.0,0.582
8.49,25.2,33.61,0.84,41.69,98.7,0.41,47.26,46.54,61.24,20.47,46.39,0.587
6.86,19.76,33.16,1.26,50.46,93.86,0.44,49.5,46.76,62.37,19.76,43.72,0.582
7.3,19.44,43.95,0.39,42.46,98.58,0.48,38.57,40.05,62.24,18.8,49.31,0.649
6.33,15.03,40.95,0.0,35.14,99.89,0.43,37.41,43.38,60.56,18.01,44.9,0.648
5.59,17.02,41.84,0.56,36.77,99.44,0.45,35.51,40.51,59.83,18.93,45.05,0.636
4.29,18.44,50.12,0.16,30.34,99.22,0.46,32.32,36.35,68.58,17.91,43.96,0.684
2.94,11.73,69.11,0.12,18.29,99.65,0.45,13.73,22.98,69.2,13.67,40.96,0.751
3.31,9.01,63.95,0.12,24.71,99.8,0.44,20.2,25.22,69.24,14.93,42.58,0.741
1.78,12.0,65.23,0.46,23.82,99.48,0.48,13.93,25.82,69.7,12.28,45.25,0.759
5.17,20.26,46.0,0.2,34.43,98.34,0.44,29.15,38.36,64.41,18.72,44.34,0.669
6.41,15.67,37.02,0.74,39.73,98.98,0.44,41.14,44.73,63.12,19.38,46.43,0.613
4.32,12.17,50.87,0.0,28.75,99.48,0.46,27.19,34.62,61.85,17.19,42.13,0.681
3.07,14.98,51.36,0.27,29.73,98.01,0.41,24.6,33.16,69.43,17.88,41.72,0.688
10.87,16.49,37.88,0.53,49.75,99.19,0.46,45.97,44.83,56.62,18.13,54.73,0.607
4.37,20.66,52.03,0.83,30.43,99.11,0.46,31.39,33.11,62.83,15.6,41.5,0.676
1.79,13.43,69.69,0.0,15.63,99.78,0.47,10.73,22.17,66.78,13.28,36.97,0.783
3.27,13.85,62.82,0.54,23.8,99.81,0.47,19.08,27.89,64.39,16.07,40.67,0.733
2.99,9.01,63.95,0.12,24.71,99.8,0.44,20.2,25.22,69.24,14.93,39.03,0.741
6.96,20.81,38.6,0.8,42.93,96.82,0.46,41.72,41.79,63.81,21.02,45.59,0.624
12.58,25.18,23.47,6.78,54.27,90.66,0.42,61.07,53.08,60.91,20.97,56.68,0.503
8.49,18.23,36.55,1.06,42.23,98.95,0.45,50.82,43.25,66.77,22.06,55.97,0.596
3.37,10.08,67.21,0.26,15.51,99.6,0.5,15.71,24.44,69.61,15.09,39.77,0.784
8.43,13.56,59.59,0.27,20.93,98.74,0.46,21.15,27.9,68.95,12.95,43.28,0.73
11.13,15.79,40.34,0.94,35.34,96.24,0.46,44.95,40.71,68.0,16.85,46.75,0.634
7.95,15.79,40.34,0.94,35.34,96.24,0.46,44.95,40.71,68.0,16.85,42.39,0.634
11.88,17.02,36.18,1.14,40.74,96.66,0.44,54.62,46.16,61.19,24.23,63.47,0.585
2.15,13.56,59.59,0.27,20.93,98.74,0.46,21.15,27.9,68.95,12.95,40.77,0.73
12.15,19.43,36.65,1.82,39.95,97.29,0.41,46.43,43.29,66.92,19.14,46.36,0.604
7.38,17.02,36.18,1.14,40.74,96.66,0.44,54.62,46.16,61.19,24.23,54.66,0.585
5.05,14.1,51.02,0.29,31.26,98.44,0.45,32.89,35.6,67.62,20.02,49.95,0.675
5.42,13.56,59.59,0.27,20.93,98.74,0.46,21.15,27.9,68.95,12.95,44.32,0.73
3.42,14.1,51.02,0.29,31.26,98.44,0.45,32.89,35.6,67.62,20.02,48.83,0.675
2.79,13.56,59.59,0.27,20.93,98.74,0.46,21.15,27.9,68.95,12.95,40.53,0.73
3.45,13.56,59.59,0.27,20.93,98.74,0.46,21.15,27.9,68.95,12.95,48.38,0.73
17.12,22.88,21.21,5.16,52.74,93.67,0.45,70.21,61.18,53.83,24.43,67.59,0.487
16.41,13.56,59.59,0.27,20.93,98.74,0.46,21.15,27.9,68.95,12.95,54.39,0.73
14.89,17.02,36.18,1.14,40.74,96.66,0.44,54.62,46.16,61.19,24.23,63.0,0.585
15.51,22.88,21.21,5.16,52.74,93.67,0.45,70.21,61.18,53.83,24.43,64.58,0.487
9.76,20.81,38.6,0.8,42.93,96.82,0.46,41.72,41.79,63.81,21.02,53.56,0.624
11.58,18.9,30.35,2.44,48.82,95.92,0.43,64.94,48.53,65.47,24.15,53.64,0.549
9.08,18.9,30.35,2.44,48.82,95.92,0.43,64.94,48.53,65.47,24.15,65.51,0.549
7.98,18.23,36.55,1.06,42.23,98.95,0.45,50.82,43.25,66.77,22.06,54.18,0.596
7.67,20.37,34.11,1.18,43.61,94.81,0.46,54.02,47.2,65.52,22.34,54.02,0.57
4.22,15.79,40.34,0.94,35.34,96.24,0.46,44.95,40.71,68.0,16.85,52.35,0.634
7.07,19.43,36.65,1.82,39.95,97.29,0.41,46.43,43.29,66.92,19.14,50.54,0.604
5.66,18.66,37.69,0.42,39.07,98.91,0.48,42.79,41.76,68.13,20.11,45.48,0.626
2.25,13.56,59.59,0.27,20.93,98.74,0.46,21.15,27.9,68.95,12.95,44.17,0.73
10.63,25.18,23.47,6.78,54.27,90.66,0.42,61.07,53.08,60.91,20.97,62.58,0.503
12.59,25.18,23.47,6.78,54.27,90.66,0.42,61.07,53.08,60.91,20.97,61.99,0.503
4.36,10.52,80.79,0.16,14.79,99.0,0.51,11.5,11.72,74.25,10.55,47.52,0.834
7.08,18.66,37.69,0.42,39.07,98.91,0.48,42.79,41.76,68.13,20.11,50.91,0.626
5.13,14.1,51.02,0.29,31.26,98.44,0.45,32.89,35.6,67.62,20.02,46.53,0.675
8.89,23.5,29.02,3.34,50.73,91.91,0.43,59.68,50.62,60.62,24.05,62.31,0.544
8.26,17.02,36.18,1.14,40.74,96.66,0.44,54.62,46.16,61.19,24.23,54.76,0.585
10.59,13.56,59.59,0.27,20.93,98.74,0.46,21.15,27.9,68.95,12.95,60.03,0.73
11.19,18.49,30.16,3.8,47.65,97.2,0.42,57.84,49.21,61.4,24.61,56.89,0.555
6.92,14.1,51.02,0.29,31.26,98.44,0.45,32.89,35.6,67.62,20.02,47.31,0.675
0.19,13.56,59.59,0.27,20.93,98.74,0.46,21.15,27.9,68.95,12.95,36.98,0.73
3.02,13.56,59.59,0.27,20.93,98.74,0.46,21.15,27.9,68.95,12.95,37.7,0.73
1.39,13.56,59.59,0.27,20.93,98.74,0.46,21.15,27.9,68.95,12.95,51.18,0.73
12.1,26.93,24.61,0.8,47.09,98.45,0.4,61.16,54.27,61.86,26.18,56.59,0.517
8.57,19.43,36.65,1.82,39.95,97.29,0.41,46.43,43.29,66.92,19.14,51.81,0.604
3.11,13.56,59.59,0.27,20.93,98.74,0.46,21.15,27.9,68.95,12.95,45.8,0.73
9.14,25.18,23.47,6.78,54.27,90.66,0.42,61.07,53.08,60.91,20.97,74.37,0.503
8.85,18.9,30.35,2.44,48.82,95.92,0.43,64.94,48.53,65.47,24.15,59.61,0.549
5.92,13.55,44.07,1.79,32.81,98.66,0.47,38.36,39.69,67.4,18.43,51.03,0.661
11.01,18.9,30.35,2.44,48.82,95.92,0.43,64.94,48.53,65.47,24.15,60.16,0.549
9.27,18.49,30.16,3.8,47.65,97.2,0.42,57.84,49.21,61.4,24.61,59.44,0.555
17.29,25.18,23.47,6.78,54.27,90.66,0.42,61.07,53.08,60.91,20.97,52.33,0.503
13.44,22.88,21.21,5.16,52.74,93.67,0.45,70.21,61.18,53.83,24.43,71.22,0.487
6.47,18.23,36.55,1.06,42.23,98.95,0.45,50.82,43.25,66.77,22.06,47.97,0.596
18.14,22.88,21.21,5.16,52.74,93.67,0.45,70.21,61.18,53.83,24.43,70.73,0.487
14.85,17.02,36.18,1.14,40.74,96.66,0.44,54.62,46.16,61.19,24.23,57.94,0.585
13.97,13.56,59.59,0.27,20.93,98.74,0.46,21.15,27.9,68.95,12.95,56.44,0.73
12.47,15.79,40.34,0.94,35.34,96.24,0.46,44.95,40.71,68.0,16.85,52.73,0.634
14.34,25.18,23.47,6.78,54.27,90.66,0.42,61.07,53.08,60.91,20.97,62.41,0.503
15.52,18.9,30.35,2.44,48.82,95.92,0.43,64.94,48.53,65.47,24.15,63.35,0.549
7.03,5.16,90.48,0.28,2.73,99.53,0.5,1.45,5.03,70.12,8.85,45.42,0.913
5.86,18.66,37.69,0.42,39.07,98.91,0.48,42.79,41.76,68.13,20.11,47.26,0.626
0.47,5.16,90.48,0.28,2.73,99.53,0.5,1.45,5.03,70.12,8.85,36.82,0.913
12.18,12.85,76.61,0.08,13.83,99.3,0.5,10.3,17.2,71.69,11.83,54.75,0.806
15.01,16.95,41.06,0.37,36.19,98.06,0.42,40.13,40.88,67.66,18.45,54.66,0.636
6.2,10.89,64.97,0.02,16.33,98.43,0.54,14.75,25.91,68.68,11.93,47.12,0.788
10.77,27.77,20.9,11.29,36.68,64.93,0.51,61.47,60.29,51.73,16.83,59.41,0.534
17.03,16.95,41.06,0.37,36.19,98.06,0.42,40.13,40.88,67.66,18.45,58.04,0.636
5.29,10.63,46.65,0.0,27.66,93.91,0.5,40.78,41.5,63.26,17.8,39.75,0.692
18.42,28.02,17.67,7.69,50.59,47.41,0.46,75.37,61.77,52.8,16.52,61.44,0.485
8.47,10.63,46.65,0.0,27.66,93.91,0.5,40.78,41.5,63.26,17.8,49.39,0.692
11.46,28.02,17.67,7.69,50.59,47.41,0.46,75.37,61.77,52.8,16.52,64.02,0.485
12.76,28.02,17.67,7.69,50.59,47.41,0.46,75.37,61.77,52.8,16.52,62.14,0.485
8.4,10.63,46.65,0.0,27.66,93.91,0.5,40.78,41.5,63.26,17.8,49.51,0.692
5.91,10.63,46.65,0.0,27.66,93.91,0.5,40.78,41.5,63.26,17.8,44.55,0.692
3.55,14.53,52.57,4.26,24.21,92.68,0.62,32.93,35.61,67.32,16.57,45.68,0.716
10.71,20.95,28.63,2.18,34.26,88.36,0.42,53.23,51.55,60.54,11.42,57.0,0.588
9.33,15.41,39.58,3.5,35.27,93.61,0.41,46.41,44.89,63.05,16.63,52.23,0.634
4.37,14.59,59.88,0.49,25.73,96.97,0.48,18.34,29.43,65.98,11.89,42.88,0.735
2.4,13.04,63.5,0.0,22.28,100.0,0.51,15.76,28.01,69.64,15.12,37.79,0.759
1.96,11.73,69.11,0.12,18.29,99.65,0.45,13.73,22.98,69.2,13.67,39.67,0.751
2.18,10.52,80.79,0.16,14.79,99.0,0.51,11.5,11.72,74.25,10.55,39.78,0.834
4.74,14.59,59.88,0.49,25.73,96.97,0.48,18.34,29.43,65.98,11.89,45.1,0.735
11.77,26.75,21.96,0.86,47.9,98.49,0.4,64.69,56.85,58.09,20.17,51.39,0.515
12.97,26.63,28.47,3.71,48.37,94.21,0.45,57.63,51.72,57.98,22.55,56.3,0.537
13.41,25.11,21.28,5.17,52.91,86.13,0.4,71.27,57.36,56.95,21.98,58.2,0.492
8.11,26.75,21.96,0.86,47.9,98.49,0.4,64.69,56.85,58.09,20.17,43.11,0.515
10.94,28.98,28.76,2.63,46.92,93.38,0.43,52.89,51.9,59.71,21.22,53.61,0.536
10.33,26.63,28.47,3.71,48.37,94.21,0.45,57.63,51.72,57.98,22.55,62.64,0.537
15.79,26.75,21.96,0.86,47.9,98.49,0.4,64.69,56.85,58.09,20.17,61.45,0.515
8.07,22.0,31.05,0.67,45.74,97.15,0.42,56.32,47.76,63.39,22.96,58.75,0.556
2.95,19.78,52.76,0.0,25.71,100.0,0.42,16.63,35.14,66.5,17.34,39.45,0.707
8.96,18.86,44.32,0.96,35.55,90.47,0.46,36.14,40.78,61.44,17.44,52.1,0.647
9.79,26.75,21.96,0.86,47.9,98.49,0.4,64.69,56.85,58.09,20.17,49.56,0.515
4.65,19.05,44.82,0.32,29.49,99.86,0.41,26.8,38.33,67.17,15.58,42.16,0.666
3.97,18.86,44.32,0.96,35.55,90.47,0.46,36.14,40.78,61.44,17.44,41.85,0.647
2.79,14.59,59.88,0.49,25.73,96.97,0.48,18.34,29.43,65.98,11.89,40.55,0.735
5.36,18.24,43.52,0.18,31.38,98.02,0.43,37.85,41.12,67.21,17.84,46.59,0.65
3.8,14.7,52.09,0.39,30.39,98.59,0.44,26.25,35.73,69.2,18.1,38.47,0.69
5.98,19.85,43.55,0.52,36.89,95.91,0.43,35.85,38.79,61.51,15.6,48.59,0.632
9.29,22.0,31.05,0.67,45.74,97.15,0.42,56.32,47.76,63.39,22.96,53.97,0.556
5.53,15.4,42.83,0.26,34.65,96.96,0.46,39.48,40.3,63.85,17.07,47.24,0.657
6.88,20.35,37.36,1.21,43.54,94.35,0.43,39.36,42.82,65.95,16.56,47.47,0.612
12.82,26.75,21.96,0.86,47.9,98.49,0.4,64.69,56.85,58.09,20.17,62.48,0.515
14.25,26.75,21.96,0.86,47.9,98.49,0.4,64.69,56.85,58.09,20.17,62.61,0.515
8.61,26.75,21.96,0.86,47.9,98.49,0.4,64.69,56.85,58.09,20.17,62.75,0.515
3.88,17.87,49.68,0.55,29.7,98.77,0.46,30.46,35.88,65.72,15.29,43.4,0.672
2.68,13.08,57.93,0.0,24.61,99.86,0.41,18.73,31.41,66.36,16.88,37.66,0.726
4.24,15.41,55.72,0.0,29.38,98.79,0.44,22.94,31.59,66.96,16.35,40.73,0.707
4.53,14.59,59.88,0.49,25.73,96.97,0.48,18.34,29.43,65.98,11.89,48.7,0.735
9.62,26.63,28.47,3.71,48.37,94.21,0.45,57.63,51.72,57.98,22.55,56.2,0.537
12.41,22.0,31.05,0.67,45.74,97.15,0.42,56.32,47.76,63.39,22.96,61.96,0.556
12.74,26.63,28.47,3.71,48.37,94.21,0.45,57.63,51.72,57.98,22.55,56.75,0.537
11.68,26.75,21.96,0.86,47.9,98.49,0.4,64.69,56.85,58.09,20.17,63.98,0.515
10.24,26.63,28.47,3.71,48.37,94.21,0.45,57.63,51.72,57.98,22.55,54.73,0.537
4.76,26.75,21.96,0.86,47.9,98.49,0.4,64.69,56.85,58.09,20.17,41.28,0.515
2.43,12.23,66.22,0.0,19.26,99.73,0.48,15.78,25.42,67.49,15.79,37.74,0.757
3.01,13.15,64.83,0.27,19.37,98.23,0.45,16.9,27.12,67.18,15.22,44.68,0.758
2.14,13.15,64.83,0.27,19.37,98.23,0.45,16.9,27.12,67.18,15.22,37.54,0.758
1.99,13.15,64.83,0.27,19.37,98.23,0.45,16.9,27.12,67.18,15.22,36.73,0.758
6.22,16.44,40.16,0.32,39.32,98.04,0.41,39.11,42.39,61.36,19.12,48.61,0.62
11.26,26.63,28.47,3.71,48.37,94.21,0.45,57.63,51.72,57.98,22.55,57.64,0.537
18.67,26.75,21.96,0.86,47.9,98.49,0.4,64.69,56.85,58.09,20.17,62.57,0.515
10.55,26.63,28.47,3.71,48.37,94.21,0.45,57.63,51.72,57.98,22.55,53.52,0.537
5.9,20.35,37.36,1.21,43.54,94.35,0.43,39.36,42.82,65.95,16.56,56.5,0.612
8.35,22.0,31.05,0.67,45.74,97.15,0.42,56.32,47.76,63.39,22.96,50.69,0.556
6.52,16.44,40.16,0.32,39.32,98.04,0.41,39.11,42.39,61.36,19.12,46.94,0.62
5.38,20.35,37.36,1.21,43.54,94.35,0.43,39.36,42.82,65.95,16.56,46.9,0.612
7.53,26.75,21.96,0.86,47.9,98.49,0.4,64.69,56.85,58.09,20.17,46.12,0.515
1.92,14.59,59.88,0.49,25.73,96.97,0.48,18.34,29.43,65.98,11.89,40.81,0.735
4.69,15.41,55.72,0.0,29.38,98.79,0.44,22.94,31.59,66.96,16.35,51.14,0.707
3.94,15.41,55.72,0.0,29.38,98.79,0.44,22.94,31.59,66.96,16.35,42.16,0.707
5.39,15.41,55.72,0.0,29.38,98.79,0.44,22.94,31.59,66.96,16.35,54.79,0.707
1.65,13.15,64.83,0.27,19.37,98.23,0.45,16.9,27.12,67.18,15.22,46.41,0.758
6.88,15.4,42.83,0.26,34.65,96.96,0.46,39.48,40.3,63.85,17.07,48.86,0.657
2.66,14.59,59.88,0.49,25.73,96.97,0.48,18.34,29.43,65.98,11.89,44.18,0.735
7.98,26.75,21.96,0.86,47.9,98.49,0.4,64.69,56.85,58.09,20.17,53.68,0.515
3.28,18.86,44.32,0.96,35.55,90.47,0.46,36.14,40.78,61.44,17.44,41.22,0.647
3.67,15.41,55.72,0.0,29.38,98.79,0.44,22.94,31.59,66.96,16.35,43.35,0.707
4.25,12.85,76.61,0.08,13.83,99.3,0.5,10.3,17.2,71.69,11.83,44.05,0.806
2.52,13.15,64.83,0.27,19.37,98.23,0.45,16.9,27.12,67.18,15.22,44.19,0.758
8.15,20.35,37.36,1.21,43.54,94.35,0.43,39.36,42.82,65.95,16.56,45.12,0.612
2.22,14.59,59.88,0.49,25.73,96.97,0.48,18.34,29.43,65.98,11.89,47.2,0.735
14.0,31.28,14.58,11.58,45.73,3.85,0.48,70.55,61.01,53.07,16.33,62.0,0.462
3.52,17.49,52.11,1.09,28.12,93.28,0.5,28.46,34.82,63.91,14.47,50.59,0.697
17.34,10.89,64.97,0.02,16.33,98.43,0.54,14.75,25.91,68.68,11.93,64.44,0.788
8.17,24.42,33.58,2.86,34.68,89.23,0.49,43.41,49.36,55.25,17.51,64.21,0.613
14.2,31.28,14.58,11.58,45.73,3.85,0.48,70.55,61.01,53.07,16.33,59.41,0.462
11.51,25.8,22.77,10.3,50.59,35.31,0.53,67.73,53.3,64.05,22.26,65.34,0.52
8.66,10.63,46.65,0.0,27.66,93.91,0.5,40.78,41.5,63.26,17.8,51.35,0.692
14.08,27.77,20.9,11.29,36.68,64.93,0.51,61.47,60.29,51.73,16.83,66.83,0.534
9.14,14.73,33.37,0.65,24.74,98.45,0.48,44.09,49.58,58.53,10.13,55.05,0.626
4.38,10.89,64.97,0.02,16.33,98.43,0.54,14.75,25.91,68.68,11.93,44.66,0.788
10.35,29.97,18.86,6.3,57.47,78.31,0.39,69.58,54.95,68.92,24.92,66.46,0.478
12.95,29.97,18.86,6.3,57.47,78.31,0.39,69.58,54.95,68.92,24.92,61.68,0.478
7.41,27.5,29.04,3.35,46.0,85.87,0.38,53.65,50.84,56.74,18.91,56.25,0.544
8.92,25.41,23.07,1.97,49.53,93.32,0.41,62.01,52.44,64.31,23.31,63.24,0.522
14.82,29.97,18.86,6.3,57.47,78.31,0.39,69.58,54.95,68.92,24.92,69.12,0.478
9.71,19.94,30.63,0.89,46.22,93.42,0.45,53.61,47.4,68.87,21.46,54.01,0.586
7.78,19.48,38.2,0.57,38.05,95.38,0.41,44.81,42.57,66.93,18.35,47.87,0.614
4.72,19.48,38.2,0.57,38.05,95.38,0.41,44.81,42.57,66.93,18.35,43.71,0.614
7.07,19.48,38.2,0.57,38.05,95.38,0.41,44.81,42.57,66.93,18.35,47.94,0.614
4.8,19.48,38.2,0.57,38.05,95.38,0.41,44.81,42.57,66.93,18.35,48.24,0.614
9.62,34.19,29.72,2.68,42.68,92.78,0.4,57.05,48.56,69.75,21.06,52.53,0.544
6.38,19.48,38.2,0.57,38.05,95.38,0.41,44.81,42.57,66.93,18.35,50.64,0.614
5.74,19.48,38.2,0.57,38.05,95.38,0.41,44.81,42.57,66.93,18.35,50.22,0.614
10.02,27.5,29.04,3.35,46.0,85.87,0.38,53.65,50.84,56.74,18.91,57.4,0.544
8.81,25.41,23.07,1.97,49.53,93.32,0.41,62.01,52.44,64.31,23.31,59.17,0.522
8.82,21.34,32.18,3.95,43.06,96.92,0.4,48.04,49.2,60.33,20.49,53.36,0.574
8.7,21.34,32.18,3.95,43.06,96.92,0.4,48.04,49.2,60.33,20.49,49.52,0.574
8.07,25.41,23.07,1.97,49.53,93.32,0.41,62.01,52.44,64.31,23.31,61.65,0.522
7.49,19.94,30.63,0.89,46.22,93.42,0.45,53.61,47.4,68.87,21.46,52.11,0.586
5.24,19.17,46.73,1.59,28.68,94.26,0.53,30.09,36.27,66.25,12.17,46.41,0.69
16.99,17.49,52.11,1.09,28.12,93.28,0.5,28.46,34.82,63.91,14.47,61.97,0.697
19.12,29.64,19.21,14.95,41.25,47.76,0.45,62.42,63.21,43.02,12.89,64.97,0.51
15.85,27.77,20.9,11.29,36.68,64.93,0.51,61.47,60.29,51.73,16.83,61.55,0.534
17.56,27.77,20.9,11.29,36.68,64.93,0.51,61.47,60.29,51.73,16.83,63.5,0.534
18.99,24.42,33.58,2.86,34.68,89.23,0.49,43.41,49.36,55.25,17.51,57.55,0.613
11.71,27.77,20.9,11.29,36.68,64.93,0.51,61.47,60.29,51.73,16.83,63.96,0.534
17.94,29.64,19.21,14.95,41.25,47.76,0.45,62.42,63.21,43.02,12.89,70.28,0.51
9.78,24.42,33.58,2.86,34.68,89.23,0.49,43.41,49.36,55.25,17.51,56.61,0.613
9.91,24.42,33.58,2.86,34.68,89.23,0.49,43.41,49.36,55.25,17.51,53.11,0.613
11.57,18.89,23.98,2.82,18.29,97.23,0.52,48.79,57.93,50.14,5.95,50.15,0.581
14.72,29.29,19.57,5.5,31.91,84.47,0.5,59.3,58.84,52.23,7.32,55.48,0.528
16.49,32.28,21.34,8.37,39.49,74.12,0.6,63.47,64.41,39.05,7.11,59.44,0.524
17.48,28.56,22.32,5.45,41.22,91.48,0.59,67.44,63.74,40.78,13.96,56.35,0.551
11.6,15.45,36.08,7.45,40.75,75.88,0.53,54.43,48.19,59.86,18.81,56.73,0.614
3.73,12.85,76.61,0.08,13.83,99.3,0.5,10.3,17.2,71.69,11.83,44.94,0.806
20.64,29.64,19.21,14.95,41.25,47.76,0.45,62.42,63.21,43.02,12.89,75.27,0.51
10.59,23.34,27.58,2.72,42.76,76.87,0.47,61.8,51.59,61.75,19.55,51.6,0.556
10.71,24.42,33.58,2.86,34.68,89.23,0.49,43.41,49.36,55.25,17.51,46.78,0.613
9.83,24.42,33.58,2.86,34.68,89.23,0.49,43.41,49.36,55.25,17.51,59.45,0.613
7.15,19.17,46.73,1.59,28.68,94.26,0.53,30.09,36.27,66.25,12.17,50.6,0.69
11.66,24.42,33.58,2.86,34.68,89.23,0.49,43.41,49.36,55.25,17.51,56.01,0.613
5.97,10.9,66.19,0.03,20.08,99.79,0.48,14.95,26.15,66.16,12.39,49.63,0.76
7.35,19.17,46.73,1.59,28.68,94.26,0.53,30.09,36.27,66.25,12.17,53.96,0.69
9.68,24.42,33.58,2.86,34.68,89.23,0.49,43.41,49.36,55.25,17.51,49.46,0.613
12.13,28.91,26.14,6.35,41.11,87.55,0.47,54.46,55.52,50.6,14.06,59.98,0.545
5.66,19.17,46.73,1.59,28.68,94.26,0.53,30.09,36.27,66.25,12.17,44.71,0.69
5.8,10.89,64.97,0.02,16.33,98.43,0.54,14.75,25.91,68.68,11.93,49.1,0.788
10.45,24.42,33.58,2.86,34.68,89.23,0.49,43.41,49.36,55.25,17.51,52.0,0.613
11.13,10.63,46.65,0.0,27.66,93.91,0.5,40.78,41.5,63.26,17.8,53.61,0.692
15.67,29.64,19.21,14.95,41.25,47.76,0.45,62.42,63.21,43.02,12.89,54.38,0.51
16.02,25.31,22.66,12.7,46.77,64.39,0.42,61.56,56.86,57.71,20.35,62.32,0.519
12.1,23.34,27.58,2.72,42.76,76.87,0.47,61.8,51.59,61.75,19.55,54.55,0.556
8.34,25.32,40.96,2.52,32.32,94.68,0.5,42.88,42.09,65.17,17.71,52.35,0.651
1.67,5.16,90.48,0.28,2.73,99.53,0.5,1.45,5.03,70.12,8.85,32.96,0.913
7.51,12.85,76.61,0.08,13.83,99.3,0.5,10.3,17.2,71.69,11.83,43.21,0.806
7.9,10.52,80.79,0.16,14.79,99.0,0.51,11.5,11.72,74.25,10.55,42.48,0.834
9.01,24.42,33.58,2.86,34.68,89.23,0.49,43.41,49.36,55.25,17.51,52.66,0.613
7.07,10.63,46.65,0.0,27.66,93.91,0.5,40.78,41.5,63.26,17.8,44.25,0.692
10.67,11.73,69.11,0.12,18.29,99.65,0.45,13.73,22.98,69.2,13.67,51.25,0.751
8.01,18.66,37.69,0.42,39.07,98.91,0.48,42.79,41.76,68.13,20.11,52.63,0.626
2.15,20.49,57.4,0.07,22.11,97.91,0.58,19.89,29.52,73.32,14.88,42.1,0.744
6.13,25.12,37.24,1.6,33.38,97.69,0.48,44.54,44.95,70.09,19.39,47.85,0.626
9.14,23.34,27.58,2.72,42.76,76.87,0.47,61.8,51.59,61.75,19.55,50.96,0.556
2.96,5.16,90.48,0.28,2.73,99.53,0.5,1.45,5.03,70.12,8.85,34.73,0.913
4.14,20.49,57.4,0.07,22.11,97.91,0.58,19.89,29.52,73.32,14.88,43.98,0.744
8.61,23.34,27.58,2.72,42.76,76.87,0.47,61.8,51.59,61.75,19.55,61.7,0.556
9.5,23.34,27.58,2.72,42.76,76.87,0.47,61.8,51.59,61.75,19.55,44.34,0.556
2.55,11.73,69.11,0.12,18.29,99.65,0.45,13.73,22.98,69.2,13.67,44.51,0.751
12.64,25.31,22.66,12.7,46.77,64.39,0.42,61.56,56.86,57.71,20.35,56.89,0.519
14.71,25.31,22.66,12.7,46.77,64.39,0.42,61.56,56.86,57.71,20.35,63.39,0.519
8.09,19.44,43.14,0.64,38.66,99.37,0.45,35.73,40.44,65.24,17.01,46.0,0.642
3.81,14.31,50.05,0.0,19.65,98.61,0.47,27.11,38.65,67.94,14.85,43.58,0.703
4.64,15.65,36.22,2.64,31.86,96.0,0.42,45.62,46.23,65.97,21.42,47.96,0.626
12.87,23.34,27.58,2.72,42.76,76.87,0.47,61.8,51.59,61.75,19.55,58.54,0.556
8.43,15.65,36.22,2.64,31.86,96.0,0.42,45.62,46.23,65.97,21.42,50.54,0.626
5.53,19.44,43.14,0.64,38.66,99.37,0.45,35.73,40.44,65.24,17.01,47.64,0.642
12.77,25.31,22.66,12.7,46.77,64.39,0.42,61.56,56.86,57.71,20.35,62.51,0.519
6.1,19.44,43.14,0.64,38.66,99.37,0.45,35.73,40.44,65.24,17.01,48.44,0.642
8.5,20.35,39.39,2.21,37.62,92.85,0.42,44.04,44.24,69.44,19.01,50.0,0.635
13.18,26.69,18.2,8.83,60.09,70.47,0.42,69.1,59.14,56.55,21.05,63.02,0.485
15.32,26.69,18.2,8.83,60.09,70.47,0.42,69.1,59.14,56.55,21.05,54.55,0.485
12.62,26.09,20.17,18.57,52.2,63.88,0.41,64.35,52.32,63.85,19.77,55.84,0.501
12.82,26.69,18.2,8.83,60.09,70.47,0.42,69.1,59.14,56.55,21.05,61.63,0.485
9.77,21.55,28.75,3.83,47.49,61.12,0.4,55.65,50.34,62.22,19.89,54.26,0.555
9.04,20.46,29.96,2.75,47.19,71.36,0.39,54.44,47.03,63.38,20.79,54.42,0.571
5.01,26.69,18.2,8.83,60.09,70.47,0.42,69.1,59.14,56.55,21.05,57.72,0.485
8.46,26.09,20.17,18.57,52.2,63.88,0.41,64.35,52.32,63.85,19.77,60.0,0.501
8.32,20.3,34.91,3.17,43.69,68.63,0.46,52.22,45.6,60.39,18.17,53.53,0.578
4.46,24.42,33.58,2.86,34.68,89.23,0.49,43.41,49.36,55.25,17.51,53.73,0.613
3.17,24.42,33.58,2.86,34.68,89.23,0.49,43.41,49.36,55.25,17.51,41.62,0.613
8.92,24.42,33.58,2.86,34.68,89.23,0.49,43.41,49.36,55.25,17.51,40.7,0.613
8.68,19.44,32.75,2.76,43.16,85.5,0.42,47.2,44.51,64.91,19.41,52.22,0.598
9.03,20.46,29.96,2.75,47.19,71.36,0.39,54.44,47.03,63.38,20.79,55.61,0.571
8.3,18.02,29.68,1.12,40.14,76.27,0.4,51.71,48.23,59.5,20.94,49.12,0.586
8.83,19.44,32.75,2.76,43.16,85.5,0.42,47.2,44.51,64.91,19.41,51.46,0.598
8.56,20.46,29.96,2.75,47.19,71.36,0.39,54.44,47.03,63.38,20.79,48.71,0.571
7.88,19.63,37.51,0.47,42.73,89.51,0.4,46.33,45.39,58.1,20.3,49.34,0.607
7.92,26.09,20.17,18.57,52.2,63.88,0.41,64.35,52.32,63.85,19.77,49.78,0.501
2.42,10.89,64.97,0.02,16.33,98.43,0.54,14.75,25.91,68.68,11.93,43.9,0.788
8.85,12.85,76.61,0.08,13.83,99.3,0.5,10.3,17.2,71.69,11.83,49.48,0.806
13.41,26.69,18.2,8.83,60.09,70.47,0.42,69.1,59.14,56.55,21.05,67.75,0.485
11.92,22.4,22.79,9.54,49.63,53.9,0.39,64.12,52.67,63.35,24.92,60.63,0.511
11.93,26.09,20.17,18.57,52.2,63.88,0.41,64.35,52.32,63.85,19.77,64.34,0.501
9.84,20.3,34.91,3.17,43.69,68.63,0.46,52.22,45.6,60.39,18.17,57.33,0.578
8.55,20.3,34.91,3.17,43.69,68.63,0.46,52.22,45.6,60.39,18.17,14.83,0.578
14.43,26.69,18.2,8.83,60.09,70.47,0.42,69.1,59.14,56.55,21.05,84.76,0.485
9.47,27.79,28.81,8.31,44.69,61.28,0.39,55.35,48.96,59.92,20.31,58.99,0.542
8.19,26.48,31.12,4.25,41.81,66.62,0.38,46.77,42.49,65.82,20.08,52.27,0.577
7.02,18.75,33.11,0.77,39.13,85.95,0.47,43.09,46.75,63.87,18.67,50.29,0.614
12.01,24.42,33.58,2.86,34.68,89.23,0.49,43.41,49.36,55.25,17.51,43.77,0.613
8.25,26.48,31.12,4.25,41.81,66.62,0.38,46.77,42.49,65.82,20.08,56.53,0.577
11.59,26.09,20.17,18.57,52.2,63.88,0.41,64.35,52.32,63.85,19.77,56.22,0.501
9.03,20.42,29.15,4.16,50.92,86.33,0.41,55.58,50.66,59.14,22.09,53.23,0.568
11.06,41.42,25.11,2.27,39.41,96.22,0.45,49.52,53.43,59.84,11.24,54.33,0.553
16.52,24.86,14.85,7.44,31.34,53.91,0.46,61.15,74.28,27.6,2.33,51.58,0.501
3.67,13.1,60.06,0.6,18.93,97.8,0.52,21.72,29.61,66.92,14.53,42.04,0.76
2.25,13.1,60.06,0.6,18.93,97.8,0.52,21.72,29.61,66.92,14.53,35.32,0.76
22.7,19.66,37.13,3.91,42.24,86.53,0.43,45.33,45.16,63.35,17.27,76.96,0.615
9.61,29.56,26.72,4.74,50.17,53.01,0.43,58.99,49.08,67.42,20.0,59.02,0.53
11.46,22.89,27.77,5.41,53.34,73.13,0.39,60.63,45.82,65.04,18.25,56.77,0.545
6.0,18.37,43.43,0.0,39.81,99.14,0.44,38.93,39.87,67.89,16.38,48.23,0.641
5.79,19.66,37.13,3.91,42.24,86.53,0.43,45.33,45.16,63.35,17.27,48.29,0.615
9.35,29.56,26.72,4.74,50.17,53.01,0.43,58.99,49.08,67.42,20.0,53.57,0.53
9.64,19.66,37.13,3.91,42.24,86.53,0.43,45.33,45.16,63.35,17.27,47.28,0.615
18.42,19.66,37.13,3.91,42.24,86.53,0.43,45.33,45.16,63.35,17.27,65.98,0.615
12.81,19.66,37.13,3.91,42.24,86.53,0.43,45.33,45.16,63.35,17.27,52.59,0.615
15.28,17.56,51.06,1.46,31.22,89.73,0.45,32.66,35.71,73.86,16.36,67.12,0.682
9.24,13.1,60.06,0.6,18.93,97.8,0.52,21.72,29.61,66.92,14.53,55.4,0.76
2.5,13.1,60.06,0.6,18.93,97.8,0.52,21.72,29.61,66.92,14.53,46.48,0.76
11.15,19.66,37.13,3.91,42.24,86.53,0.43,45.33,45.16,63.35,17.27,55.66,0.615
13.98,29.56,26.72,4.74,50.17,53.01,0.43,58.99,49.08,67.42,20.0,62.21,0.53
4.32,17.56,51.06,1.46,31.22,89.73,0.45,32.66,35.71,73.86,16.36,43.22,0.682
11.14,19.66,37.13,3.91,42.24,86.53,0.43,45.33,45.16,63.35,17.27,54.92,0.615
7.08,19.66,37.13,3.91,42.24,86.53,0.43,45.33,45.16,63.35,17.27,49.06,0.615
8.17,17.56,51.06,1.46,31.22,89.73,0.45,32.66,35.71,73.86,16.36,50.85,0.682
7.8,19.66,37.13,3.91,42.24,86.53,0.43,45.33,45.16,63.35,17.27,55.37,0.615
14.69,19.66,37.13,3.91,42.24,86.53,0.43,45.33,45.16,63.35,17.27,62.32,0.615
7.81,29.56,26.72,4.74,50.17,53.01,0.43,58.99,49.08,67.42,20.0,61.93,0.53
4.32,17.49,52.11,1.09,28.12,93.28,0.5,28.46,34.82,63.91,14.47,44.63,0.697
8.96,26.94,18.88,10.55,55.53,64.08,0.45,68.21,57.04,58.95,22.83,66.49,0.48
15.41,26.94,18.88,10.55,55.53,64.08,0.45,68.21,57.04,58.95,22.83,53.8,0.48
10.23,20.97,19.66,11.85,61.26,65.25,0.43,71.24,54.83,63.16,25.39,45.63,0.483
4.59,14.47,45.48,0.7,31.83,97.08,0.46,33.77,38.03,67.53,18.85,44.66,0.672
13.12,24.79,35.82,6.7,46.21,87.02,0.45,53.22,44.18,62.29,18.79,60.49,0.596
9.25,24.79,35.82,6.7,46.21,87.02,0.45,53.22,44.18,62.29,18.79,59.07,0.596
14.12,26.94,18.88,10.55,55.53,64.08,0.45,68.21,57.04,58.95,22.83,59.19,0.48
5.75,17.31,33.22,3.96,43.33,90.01,0.44,47.99,45.76,67.66,18.65,54.26,0.6
12.07,24.79,35.82,6.7,46.21,87.02,0.45,53.22,44.18,62.29,18.79,48.8,0.596
8.18,17.31,33.22,3.96,43.33,90.01,0.44,47.99,45.76,67.66,18.65,51.1,0.6
16.02,20.97,19.66,11.85,61.26,65.25,0.43,71.24,54.83,63.16,25.39,64.85,0.483
9.08,24.79,35.82,6.7,46.21,87.02,0.45,53.22,44.18,62.29,18.79,46.71,0.596
14.29,26.94,18.88,10.55,55.53,64.08,0.45,68.21,57.04,58.95,22.83,69.94,0.48
8.42,24.1,34.57,1.39,45.22,92.3,0.4,59.93,45.67,61.02,25.42,55.08,0.558
7.34,20.97,19.66,11.85,61.26,65.25,0.43,71.24,54.83,63.16,25.39,57.87,0.483
13.68,20.97,19.66,11.85,61.26,65.25,0.43,71.24,54.83,63.16,25.39,60.61,0.483
13.02,26.94,18.88,10.55,55.53,64.08,0.45,68.21,57.04,58.95,22.83,50.6,0.48
13.09,26.94,18.88,10.55,55.53,64.08,0.45,68.21,57.04,58.95,22.83,67.72,0.48
3.67,17.5,49.23,0.53,29.69,96.01,0.42,31.7,34.51,74.19,22.45,41.52,0.672
7.74,18.14,35.57,0.94,45.12,98.0,0.43,45.62,45.3,61.93,18.85,51.77,0.597
6.76,21.65,35.12,1.05,42.81,97.04,0.42,40.91,44.84,63.93,18.45,48.15,0.615
6.36,14.47,45.48,0.7,31.83,97.08,0.46,33.77,38.03,67.53,18.85,47.67,0.672
11.63,26.94,18.88,10.55,55.53,64.08,0.45,68.21,57.04,58.95,22.83,54.78,0.48
11.82,20.97,19.66,11.85,61.26,65.25,0.43,71.24,54.83,63.16,25.39,68.1,0.483
9.03,24.79,35.82,6.7,46.21,87.02,0.45,53.22,44.18,62.29,18.79,51.88,0.596
13.75,26.94,18.88,10.55,55.53,64.08,0.45,68.21,57.04,58.95,22.83,70.72,0.48
15.23,20.97,19.66,11.85,61.26,65.25,0.43,71.24,54.83,63.16,25.39,70.04,0.483
13.97,33.24,25.3,11.33,45.27,71.24,0.53,61.51,56.65,54.4,20.13,59.03,0.532
8.45,29.21,37.35,4.86,35.9,99.28,0.46,43.86,44.47,64.53,15.73,54.26,0.627
8.86,26.71,33.13,2.46,38.9,94.07,0.44,47.09,48.61,61.37,17.69,53.68,0.588
14.21,35.39,19.37,7.48,42.62,61.92,0.51,65.13,70.73,29.59,5.63,55.92,0.515
12.47,24.95,30.22,1.21,44.23,82.74,0.42,55.7,48.45,66.54,19.91,54.63,0.577
12.0,32.61,24.47,7.44,54.12,65.22,0.41,64.64,52.06,64.24,23.5,58.76,0.519
6.84,24.95,30.22,1.21,44.23,82.74,0.42,55.7,48.45,66.54,19.91,54.68,0.577
9.95,24.95,30.22,1.21,44.23,82.74,0.42,55.7,48.45,66.54,19.91,50.6,0.577
15.67,32.61,24.47,7.44,54.12,65.22,0.41,64.64,52.06,64.24,23.5,62.79,0.519
2.89,13.1,60.06,0.6,18.93,97.8,0.52,21.72,29.61,66.92,14.53,41.45,0.76
4.05,16.99,43.1,1.69,32.65,91.47,0.44,37.09,37.94,68.55,16.44,44.76,0.661
7.88,16.99,43.1,1.69,32.65,91.47,0.44,37.09,37.94,68.55,16.44,45.94,0.661
18.91,16.99,43.1,1.69,32.65,91.47,0.44,37.09,37.94,68.55,16.44,40.94,0.661
13.08,32.61,24.47,7.44,54.12,65.22,0.41,64.64,52.06,64.24,23.5,65.62,0.519
8.37,16.99,43.1,1.69,32.65,91.47,0.44,37.09,37.94,68.55,16.44,52.36,0.661
11.17,24.95,30.22,1.21,44.23,82.74,0.42,55.7,48.45,66.54,19.91,61.82,0.577
9.32,25.23,40.93,1.27,24.82,94.1,0.46,41.59,50.54,45.33,8.3,52.64,0.671
3.67,14.95,61.89,0.0,16.7,100.0,0.37,15.16,26.03,73.48,6.35,39.37,0.736
5.54,20.88,46.38,1.55,28.71,97.44,0.34,35.75,32.04,74.11,8.47,42.44,0.653
7.73,17.61,42.84,0.58,35.37,97.23,0.34,34.27,35.77,70.71,10.76,48.87,0.637
8.73,20.88,46.38,1.55,28.71,97.44,0.34,35.75,32.04,74.11,8.47,47.44,0.653
5.32,20.88,46.38,1.55,28.71,97.44,0.34,35.75,32.04,74.11,8.47,43.99,0.653
7.19,19.36,50.79,0.59,28.94,98.88,0.37,23.48,31.82,71.79,7.54,49.74,0.685
6.74,17.61,42.84,0.58,35.37,97.23,0.34,34.27,35.77,70.71,10.76,44.47,0.637
8.81,20.88,46.38,1.55,28.71,97.44,0.34,35.75,32.04,74.11,8.47,45.43,0.653
3.7,19.36,50.79,0.59,28.94,98.88,0.37,23.48,31.82,71.79,7.54,48.49,0.685
6.5,17.61,42.84,0.58,35.37,97.23,0.34,34.27,35.77,70.71,10.76,43.47,0.637
6.6,17.61,42.84,0.58,35.37,97.23,0.34,34.27,35.77,70.71,10.76,45.21,0.637
3.64,19.36,50.79,0.59,28.94,98.88,0.37,23.48,31.82,71.79,7.54,43.72,0.685
9.36,20.88,46.38,1.55,28.71,97.44,0.34,35.75,32.04,74.11,8.47,42.35,0.653
10.51,19.36,50.79,0.59,28.94,98.88,0.37,23.48,31.82,71.79,7.54,47.04,0.685
2.05,14.6,69.18,0.0,18.31,100.0,0.42,11.37,21.29,76.9,6.73,34.78,0.779
1.47,12.38,74.08,0.0,12.96,99.7,0.41,5.84,18.42,75.42,5.29,35.25,0.821
3.4,15.05,61.72,0.0,19.51,99.86,0.39,15.8,26.33,72.69,6.0,41.35,0.752
2.89,14.8,62.0,0.0,17.44,99.7,0.39,12.91,25.3,76.05,5.13,39.12,0.749
2.95,16.03,62.28,0.53,22.53,100.0,0.36,12.84,21.54,80.02,5.67,40.29,0.741
4.06,16.03,62.28,0.53,22.53,100.0,0.36,12.84,21.54,80.02,5.67,36.12,0.741
5.91,19.36,50.79,0.59,28.94,98.88,0.37,23.48,31.82,71.79,7.54,42.32,0.685
5.29,19.36,50.79,0.59,28.94,98.88,0.37,23.48,31.82,71.79,7.54,40.84,0.685
3.9,19.36,50.79,0.59,28.94,98.88,0.37,23.48,31.82,71.79,7.54,36.56,0.685
3.18,15.05,61.72,0.0,19.51,99.86,0.39,15.8,26.33,72.69,6.0,40.64,0.752
2.88,15.05,61.72,0.0,19.51,99.86,0.39,15.8,26.33,72.69,6.0,38.18,0.752
0.89,11.0,85.41,0.0,5.97,100.0,0.49,2.56,10.81,78.88,5.23,37.21,0.894
1.35,12.38,74.08,0.0,12.96,99.7,0.41,5.84,18.42,75.42,5.29,34.41,0.821
0.38,7.9,94.59,0.0,1.17,100.0,0.53,1.15,2.9,76.57,4.65,32.08,0.944
0.31,3.92,94.62,0.0,0.4,99.82,0.52,1.74,3.33,80.68,4.62,36.87,0.954
0.6,9.7,89.27,0.0,5.25,100.0,0.5,3.88,8.01,73.76,5.58,31.95,0.913
0.3,3.75,94.86,0.28,2.45,100.0,0.45,1.24,3.89,75.84,4.57,31.28,0.939
0.57,6.54,91.21,0.0,1.69,99.89,0.51,1.02,5.45,72.59,5.52,37.54,0.939
9.11,22.95,37.29,0.47,36.02,98.57,0.4,41.19,34.72,71.42,9.39,61.35,0.617
7.1,20.8,56.21,0.0,26.7,100.0,0.41,23.47,28.92,76.47,3.61,40.82,0.71
11.61,22.74,43.16,0.23,33.95,99.88,0.49,33.27,31.77,75.85,4.63,42.99,0.683
8.71,22.74,43.16,0.23,33.95,99.88,0.49,33.27,31.77,75.85,4.63,47.82,0.683
8.66,20.91,42.94,0.0,31.46,98.98,0.39,33.01,31.83,75.71,5.99,48.13,0.665
0.37,4.71,93.96,0.0,2.09,99.76,0.46,0.09,4.19,77.5,2.51,35.99,0.946
0.43,4.55,94.05,0.0,3.43,100.0,0.49,0.93,4.12,76.24,4.44,34.43,0.951
0.4,8.14,94.75,0.0,0.57,100.0,0.48,1.53,3.33,80.87,3.4,35.61,0.955
0.18,9.62,93.47,0.0,1.23,100.0,0.51,2.89,2.55,71.73,3.48,33.81,0.951
0.41,9.62,93.47,0.0,1.23,100.0,0.51,2.89,2.55,71.73,3.48,48.84,0.951
0.89,10.76,88.4,0.05,5.48,100.0,0.57,3.29,8.01,74.94,5.09,34.89,0.907
0.72,7.98,81.09,0.0,8.44,100.0,0.53,4.84,14.55,75.79,5.72,34.88,0.882
6.81,19.32,63.0,0.0,21.43,99.68,0.42,16.57,24.49,74.49,7.65,38.76,0.761
7.11,18.85,49.75,1.14,36.56,99.32,0.35,28.38,30.41,76.25,5.45,35.56,0.682
2.7,19.32,63.0,0.0,21.43,99.68,0.42,16.57,24.49,74.49,7.65,42.1,0.761
4.8,19.32,63.0,0.0,21.43,99.68,0.42,16.57,24.49,74.49,7.65,45.95,0.761
7.81,18.85,49.75,1.14,36.56,99.32,0.35,28.38,30.41,76.25,5.45,46.47,0.682
2.71,19.32,63.0,0.0,21.43,99.68,0.42,16.57,24.49,74.49,7.65,39.41,0.761
3.41,19.32,63.0,0.0,21.43,99.68,0.42,16.57,24.49,74.49,7.65,42.71,0.761
1.6,11.56,76.47,0.0,13.33,99.76,0.48,7.31,17.68,72.05,5.65,40.03,0.838
1.52,11.56,76.47,0.0,13.33,99.76,0.48,7.31,17.68,72.05,5.65,42.07,0.838
1.49,11.56,76.47,0.0,13.33,99.76,0.48,7.31,17.68,72.05,5.65,37.28,0.838
0.77,11.56,76.47,0.0,13.33,99.76,0.48,7.31,17.68,72.05,5.65,38.92,0.838
1.74,19.8,69.56,0.0,17.03,99.74,0.45,9.0,21.34,75.96,4.69,37.6,0.801
2.51,19.8,69.56,0.0,17.03,99.74,0.45,9.0,21.34,75.96,4.69,39.89,0.801
7.22,18.85,49.75,1.14,36.56,99.32,0.35,28.38,30.41,76.25,5.45,39.41,0.682
4.23,18.85,49.75,1.14,36.56,99.32,0.35,28.38,30.41,76.25,5.45,47.33,0.682
8.84,17.52,39.88,0.77,41.85,93.83,0.42,39.78,37.79,72.73,8.18,49.56,0.65
5.79,18.85,49.75,1.14,36.56,99.32,0.35,28.38,30.41,76.25,5.45,44.15,0.682
11.19,18.85,49.75,1.14,36.56,99.32,0.35,28.38,30.41,76.25,5.45,39.96,0.682
12.28,18.85,49.75,1.14,36.56,99.32,0.35,28.38,30.41,76.25,5.45,43.9,0.682
11.47,18.85,49.75,1.14,36.56,99.32,0.35,28.38,30.41,76.25,5.45,43.47,0.682
5.93,18.85,49.75,1.14,36.56,99.32,0.35,28.38,30.41,76.25,5.45,44.44,0.682
0.73,10.76,88.4,0.05,5.48,100.0,0.57,3.29,8.01,74.94,5.09,30.74,0.907
0.44,5.01,91.51,0.0,1.32,100.0,0.45,2.47,6.32,77.72,7.55,31.04,0.915
0.41,11.0,85.41,0.0,5.97,100.0,0.49,2.56,10.81,78.88,5.23,30.26,0.894
0.39,11.0,85.41,0.0,5.97,100.0,0.49,2.56,10.81,78.88,5.23,28.65,0.894
1.04,13.87,77.62,0.0,8.07,100.0,0.47,5.44,15.85,75.28,5.99,36.11,0.851
1.47,13.87,77.62,0.0,8.07,100.0,0.47,5.44,15.85,75.28,5.99,37.37,0.851
2.85,25.61,60.26,0.0,26.09,100.0,0.43,19.65,25.98,78.91,7.3,40.84,0.729
5.1,22.74,43.16,0.23,33.95,99.88,0.49,33.27,31.77,75.85,4.63,45.94,0.683
6.12,19.36,50.79,0.59,28.94,98.88,0.37,23.48,31.82,71.79,7.54,42.2,0.685
4.52,20.8,56.21,0.0,26.7,100.0,0.41,23.47,28.92,76.47,3.61,39.25,0.71
0.46,13.87,77.62,0.0,8.07,100.0,0.47,5.44,15.85,75.28,5.99,31.1,0.851
1.78,18.06,69.29,0.0,17.41,100.0,0.54,11.82,20.53,73.2,4.58,37.36,0.814
1.92,18.06,69.29,0.0,17.41,100.0,0.54,11.82,20.53,73.2,4.58,37.06,0.814
2.28,18.06,69.29,0.0,17.41,100.0,0.54,11.82,20.53,73.2,4.58,38.67,0.814
1.32,18.06,69.29,0.0,17.41,100.0,0.54,11.82,20.53,73.2,4.58,38.31,0.814
2.12,18.06,69.29,0.0,17.41,100.0,0.54,11.82,20.53,73.2,4.58,40.54,0.814
1.88,11.45,67.89,0.0,17.13,100.0,0.42,11.45,22.24,74.91,9.26,39.73,0.791
2.57,11.45,67.89,0.0,17.13,100.0,0.42,11.45,22.24,74.91,9.26,34.81,0.791
1.74,11.45,67.89,0.0,17.13,100.0,0.42,11.45,22.24,74.91,9.26,31.75,0.791
3.25,12.37,61.51,0.0,23.99,100.0,0.45,13.09,25.43,75.43,6.32,39.33,0.762
4.78,16.55,54.03,0.17,26.46,98.57,0.42,22.56,27.24,74.55,7.2,39.29,0.713
6.28,20.88,46.38,1.55,28.71,97.44,0.34,35.75,32.04,74.11,8.47,51.97,0.653
9.71,22.95,37.29,0.47,36.02,98.57,0.4,41.19,34.72,71.42,9.39,44.24,0.617
8.02,20.88,46.38,1.55,28.71,97.44,0.34,35.75,32.04,74.11,8.47,38.73,0.653
5.45,20.88,46.38,1.55,28.71,97.44,0.34,35.75,32.04,74.11,8.47,41.76,0.653
9.37,20.88,46.38,1.55,28.71,97.44,0.34,35.75,32.04,74.11,8.47,52.27,0.653
5.56,22.95,37.29,0.47,36.02,98.57,0.4,41.19,34.72,71.42,9.39,41.79,0.617
10.03,22.95,37.29,0.47,36.02,98.57,0.4,41.19,34.72,71.42,9.39,39.62,0.617
13.0,22.95,37.29,0.47,36.02,98.57,0.4,41.19,34.72,71.42,9.39,59.29,0.617
8.04,22.95,37.29,0.47,36.02,98.57,0.4,41.19,34.72,71.42,9.39,46.47,0.617
9.11,20.88,46.38,1.55,28.71,97.44,0.34,35.75,32.04,74.11,8.47,46.56,0.653
8.28,22.95,37.29,0.47,36.02,98.57,0.4,41.19,34.72,71.42,9.39,51.66,0.617
5.71,20.88,46.38,1.55,28.71,97.44,0.34,35.75,32.04,74.11,8.47,47.74,0.653
7.24,20.88,46.38,1.55,28.71,97.44,0.34,35.75,32.04,74.11,8.47,40.72,0.653
5.62,20.88,46.38,1.55,28.71,97.44,0.34,35.75,32.04,74.11,8.47,42.57,0.653
0.61,13.5,87.94,0.0,6.88,100.0,0.49,3.07,9.43,73.16,5.23,27.01,0.89
1.2,13.5,87.94,0.0,6.88,100.0,0.49,3.07,9.43,73.16,5.23,29.4,0.89
1.23,8.43,83.01,0.0,7.0,100.0,0.47,4.0,12.1,75.0,4.37,34.26,0.874
1.45,13.69,76.3,0.0,11.3,100.0,0.47,5.24,18.09,71.28,4.29,42.93,0.831
4.85,20.07,44.69,0.92,32.96,97.37,0.39,32.14,35.49,68.9,7.51,38.69,0.661
4.2,22.74,43.16,0.23,33.95,99.88,0.49,33.27,31.77,75.85,4.63,44.96,0.683
7.89,21.8,57.98,0.0,23.04,99.76,0.43,24.63,28.98,71.93,8.53,43.73,0.714
10.76,20.07,44.69,0.92,32.96,97.37,0.39,32.14,35.49,68.9,7.51,49.29,0.661
8.42,20.07,44.69,0.92,32.96,97.37,0.39,32.14,35.49,68.9,7.51,40.98,0.661
10.25,20.07,44.69,0.92,32.96,97.37,0.39,32.14,35.49,68.9,7.51,50.0,0.661
10.73,20.07,44.69,0.92,32.96,97.37,0.39,32.14,35.49,68.9,7.51,46.88,0.661
9.55,17.52,39.88,0.77,41.85,93.83,0.42,39.78,37.79,72.73,8.18,50.25,0.65
7.28,20.07,44.69,0.92,32.96,97.37,0.39,32.14,35.49,68.9,7.51,49.08,0.661
2.76,17.52,39.88,0.77,41.85,93.83,0.42,39.78,37.79,72.73,8.18,52.17,0.65
8.41,22.74,43.16,0.23,33.95,99.88,0.49,33.27,31.77,75.85,4.63,53.11,0.683
4.76,21.8,57.98,0.0,23.04,99.76,0.43,24.63,28.98,71.93,8.53,42.8,0.714
2.86,13.86,57.34,0.0,20.57,100.0,0.42,17.72,28.31,71.76,6.73,40.39,0.747
2.23,13.86,57.34,0.0,20.57,100.0,0.42,17.72,28.31,71.76,6.73,39.68,0.747
2.58,13.86,57.34,0.0,20.57,100.0,0.42,17.72,28.31,71.76,6.73,38.2,0.747
3.46,13.71,67.25,0.0,19.33,99.66,0.42,9.24,21.7,72.17,6.4,36.47,0.783
2.44,13.71,67.25,0.0,19.33,99.66,0.42,9.24,21.7,72.17,6.4,36.05,0.783
1.71,13.71,67.25,0.0,19.33,99.66,0.42,9.24,21.7,72.17,6.4,38.52,0.783
2.14,13.71,67.25,0.0,19.33,99.66,0.42,9.24,21.7,72.17,6.4,39.14,0.783
2.3,14.81,61.67,0.0,20.15,100.0,0.42,17.58,26.28,72.22,6.01,39.61,0.764
1.69,13.69,76.3,0.0,11.3,100.0,0.47,5.24,18.09,71.28,4.29,36.25,0.831
0.63,13.69,76.3,0.0,11.3,100.0,0.47,5.24,18.09,71.28,4.29,31.46,0.831
1.92,8.01,76.11,0.0,11.41,99.94,0.46,6.77,16.63,74.62,4.04,36.9,0.832
1.48,8.01,76.11,0.0,11.41,99.94,0.46,6.77,16.63,74.62,4.04,35.14,0.832
1.19,13.71,67.25,0.0,19.33,99.66,0.42,9.24,21.7,72.17,6.4,32.5,0.783
1.25,13.5,87.94,0.0,6.88,100.0,0.49,3.07,9.43,73.16,5.23,35.64,0.89
1.04,8.85,84.78,0.0,5.75,100.0,0.48,6.31,11.28,73.53,3.96,34.37,0.885
5.09,14.81,61.67,0.0,20.15,100.0,0.42,17.58,26.28,72.22,6.01,39.83,0.764
1.59,8.01,76.11,0.0,11.41,99.94,0.46,6.77,16.63,74.62,4.04,36.22,0.832
3.18,17.54,66.78,0.05,19.02,99.88,0.42,12.41,22.32,72.5,6.51,36.59,0.774
0.58,8.01,76.11,0.0,11.41,99.94,0.46,6.77,16.63,74.62,4.04,35.69,0.832
3.45,16.29,55.51,0.0,23.71,99.63,0.42,19.64,27.48,75.66,6.9,39.39,0.725
7.01,19.22,46.47,0.64,33.78,98.87,0.38,35.73,33.9,71.78,8.95,41.8,0.664
5.68,16.29,55.51,0.0,23.71,99.63,0.42,19.64,27.48,75.66,6.9,46.47,0.725
7.7,16.28,52.54,0.37,28.23,99.61,0.4,25.04,29.7,74.21,8.57,46.34,0.717
2.9,16.28,52.54,0.37,28.23,99.61,0.4,25.04,29.7,74.21,8.57,43.76,0.717
10.3,22.95,37.29,0.47,36.02,98.57,0.4,41.19,34.72,71.42,9.39,62.36,0.617
5.14,16.28,52.54,0.37,28.23,99.61,0.4,25.04,29.7,74.21,8.57,42.9,0.717
3.39,21.8,57.98,0.0,23.04,99.76,0.43,24.63,28.98,71.93,8.53,40.53,0.714
7.5,22.95,37.29,0.47,36.02,98.57,0.4,41.19,34.72,71.42,9.39,49.55,0.617
6.13,19.22,46.47,0.64,33.78,98.87,0.38,35.73,33.9,71.78,8.95,47.75,0.664
2.82,21.8,57.98,0.0,23.04,99.76,0.43,24.63,28.98,71.93,8.53,35.34,0.714
8.24,19.22,46.47,0.64,33.78,98.87,0.38,35.73,33.9,71.78,8.95,50.12,0.664
5.47,19.22,46.47,0.64,33.78,98.87,0.38,35.73,33.9,71.78,8.95,43.8,0.664
4.63,16.28,52.54,0.37,28.23,99.61,0.4,25.04,29.7,74.21,8.57,41.57,0.717
6.14,16.28,52.54,0.37,28.23,99.61,0.4,25.04,29.7,74.21,8.57,41.49,0.717
3.24,17.54,66.78,0.05,19.02,99.88,0.42,12.41,22.32,72.5,6.51,36.39,0.774
4.16,16.28,52.54,0.37,28.23,99.61,0.4,25.04,29.7,74.21,8.57,39.01,0.717
4.3,16.29,55.51,0.0,23.71,99.63,0.42,19.64,27.48,75.66,6.9,41.19,0.725
0.89,11.0,85.41,0.0,5.97,100.0,0.49,2.56,10.81,78.88,5.23,37.11,0.894
2.71,17.54,66.78,0.05,19.02,99.88,0.42,12.41,22.32,72.5,6.51,37.81,0.774
2.95,21.8,57.98,0.0,23.04,99.76,0.43,24.63,28.98,71.93,8.53,40.75,0.714
0.96,9.16,82.52,0.0,6.61,100.0,0.5,5.17,11.55,75.32,4.35,32.2,0.866
5.38,19.22,46.47,0.64,33.78,98.87,0.38,35.73,33.9,71.78,8.95,50.99,0.664
4.47,16.28,52.54,0.37,28.23,99.61,0.4,25.04,29.7,74.21,8.57,40.57,0.717
1.57,8.01,76.11,0.0,11.41,99.94,0.46,6.77,16.63,74.62,4.04,33.87,0.832
2.17,17.54,66.78,0.05,19.02,99.88,0.42,12.41,22.32,72.5,6.51,46.8,0.774
5.21,21.8,57.98,0.0,23.04,99.76,0.43,24.63,28.98,71.93,8.53,43.72,0.714
1.65,8.01,76.11,0.0,11.41,99.94,0.46,6.77,16.63,74.62,4.04,36.91,0.832
6.97,19.22,46.47,0.64,33.78,98.87,0.38,35.73,33.9,71.78,8.95,44.3,0.664
2.75,17.54,66.78,0.05,19.02,99.88,0.42,12.41,22.32,72.5,6.51,36.39,0.774
1.87,17.54,66.78,0.05,19.02,99.88,0.42,12.41,22.32,72.5,6.51,36.03,0.774
0.53,4.62,94.08,0.0,1.15,100.0,0.42,1.43,2.81,77.25,3.35,30.29,0.943
9.22,22.35,42.06,0.0,32.91,88.73,0.42,36.29,33.65,74.37,7.37,49.12,0.654
10.08,21.37,43.6,0.0,25.47,98.65,0.35,26.84,38.14,69.51,11.92,50.56,0.676
10.07,22.35,42.06,0.0,32.91,88.73,0.42,36.29,33.65,74.37,7.37,52.22,0.654
9.2,17.52,39.88,0.77,41.85,93.83,0.42,39.78,37.79,72.73,8.18,47.28,0.65
3.07,22.35,42.06,0.0,32.91,88.73,0.42,36.29,33.65,74.37,7.37,49.77,0.654
4.42,17.52,39.88,0.77,41.85,93.83,0.42,39.78,37.79,72.73,8.18,47.66,0.65
0.55,5.87,93.03,0.0,1.4,100.0,0.43,0.69,5.33,76.63,4.96,34.77,0.929
1.0,11.29,86.04,0.0,6.38,100.0,0.46,5.06,9.33,77.9,4.62,32.82,0.876
5.09,22.35,42.06,0.0,32.91,88.73,0.42,36.29,33.65,74.37,7.37,45.77,0.654
6.13,21.37,43.6,0.0,25.47,98.65,0.35,26.84,38.14,69.51,11.92,50.94,0.676
6.82,22.35,42.06,0.0,32.91,88.73,0.42,36.29,33.65,74.37,7.37,44.05,0.654
6.52,21.37,43.6,0.0,25.47,98.65,0.35,26.84,38.14,69.51,11.92,41.44,0.676
6.27,21.37,43.6,0.0,25.47,98.65,0.35,26.84,38.14,69.51,11.92,43.71,0.676
5.85,21.37,43.6,0.0,25.47,98.65,0.35,26.84,38.14,69.51,11.92,40.24,0.676
9.26,22.35,42.06,0.0,32.91,88.73,0.42,36.29,33.65,74.37,7.37,50.58,0.654
7.18,21.37,43.6,0.0,25.47,98.65,0.35,26.84,38.14,69.51,11.92,43.78,0.676
8.2,22.35,42.06,0.0,32.91,88.73,0.42,36.29,33.65,74.37,7.37,51.56,0.654
7.35,21.37,43.6,0.0,25.47,98.65,0.35,26.84,38.14,69.51,11.92,46.5,0.676
5.53,21.37,43.6,0.0,25.47,98.65,0.35,26.84,38.14,69.51,11.92,43.39,0.676
4.67,15.8,60.11,0.0,20.4,100.0,0.46,15.02,25.5,76.11,5.85,38.79,0.768
3.05,20.8,56.21,0.0,26.7,100.0,0.41,23.47,28.92,76.47,3.61,40.78,0.71
2.82,15.8,60.11,0.0,20.4,100.0,0.46,15.02,25.5,76.11,5.85,40.78,0.768
3.38,15.8,60.11,0.0,20.4,100.0,0.46,15.02,25.5,76.11,5.85,37.55,0.768
3.34,11.45,67.89,0.0,17.13,100.0,0.42,11.45,22.24,74.91,9.26,42.87,0.791
2.53,15.8,60.11,0.0,20.4,100.0,0.46,15.02,25.5,76.11,5.85,37.42,0.768
2.73,20.8,56.21,0.0,26.7,100.0,0.41,23.47,28.92,76.47,3.61,35.21,0.71
7.28,21.37,43.6,0.0,25.47,98.65,0.35,26.84,38.14,69.51,11.92,41.14,0.676
5.95,21.37,43.6,0.0,25.47,98.65,0.35,26.84,38.14,69.51,11.92,48.37,0.676
3.06,15.8,60.11,0.0,20.4,100.0,0.46,15.02,25.5,76.11,5.85,38.9,0.768
3.27,15.8,60.11,0.0,20.4,100.0,0.46,15.02,25.5,76.11,5.85,40.19,0.768
1.58,12.49,79.22,0.0,12.74,100.0,0.43,6.43,13.32,75.6,6.18,35.78,0.829
1.17,9.16,82.52,0.0,6.61,100.0,0.5,5.17,11.55,75.32,4.35,29.78,0.866
1.18,9.16,82.52,0.0,6.61,100.0,0.5,5.17,11.55,75.32,4.35,30.59,0.866
1.56,21.44,70.95,0.0,15.77,100.0,0.43,6.24,20.42,73.38,5.42,35.45,0.813
1.61,21.44,70.95,0.0,15.77,100.0,0.43,6.24,20.42,73.38,5.42,35.37,0.813
1.5,21.44,70.95,0.0,15.77,100.0,0.43,6.24,20.42,73.38,5.42,37.26,0.813
1.24,12.49,79.22,0.0,12.74,100.0,0.43,6.43,13.32,75.6,6.18,32.92,0.829
0.74,4.62,94.08,0.0,1.15,100.0,0.42,1.43,2.81,77.25,3.35,26.51,0.943
0.47,5.87,93.03,0.0,1.4,100.0,0.43,0.69,5.33,76.63,4.96,34.79,0.929
4.67,11.0,85.41,0.0,5.97,100.0,0.49,2.56,10.81,78.88,5.23,36.12,0.894
2.04,11.0,85.41,0.0,5.97,100.0,0.49,2.56,10.81,78.88,5.23,39.17,0.894
0.5,7.78,88.99,0.0,4.02,99.77,0.48,2.81,6.33,78.11,3.68,31.2,0.905
1.14,7.78,88.99,0.0,4.02,99.77,0.48,2.81,6.33,78.11,3.68,38.67,0.905
0.79,5.79,89.68,0.0,2.75,100.0,0.49,1.09,8.08,74.6,4.72,32.24,0.914
1.0,5.71,85.56,0.0,6.18,100.0,0.47,4.65,10.11,76.18,5.59,29.55,0.879
0.77,8.9,88.37,0.0,9.39,100.0,0.5,3.37,9.09,77.09,6.08,32.82,0.887
2.91,5.71,85.56,0.0,6.18,100.0,0.47,4.65,10.11,76.18,5.59,41.42,0.879
2.28,8.01,76.11,0.0,11.41,99.94,0.46,6.77,16.63,74.62,4.04,37.41,0.832
0.97,5.71,85.56,0.0,6.18,100.0,0.47,4.65,10.11,76.18,5.59,37.44,0.879
1.41,8.01,76.11,0.0,11.41,99.94,0.46,6.77,16.63,74.62,4.04,32.1,0.832
12.76,22.95,37.29,0.47,36.02,98.57,0.4,41.19,34.72,71.42,9.39,59.39,0.617
6.14,20.07,44.69,0.92,32.96,97.37,0.39,32.14,35.49,68.9,7.51,42.52,0.661
7.07,17.52,39.88,0.77,41.85,93.83,0.42,39.78,37.79,72.73,8.18,57.27,0.65
9.05,20.07,44.69,0.92,32.96,97.37,0.39,32.14,35.49,68.9,7.51,46.79,0.661
11.23,22.95,37.29,0.47,36.02,98.57,0.4,41.19,34.72,71.42,9.39,51.0,0.617
9.02,20.07,44.69,0.92,32.96,97.37,0.39,32.14,35.49,68.9,7.51,37.86,0.661
9.02,20.07,44.69,0.92,32.96,97.37,0.39,32.14,35.49,68.9,7.51,41.7,0.661
3.8,22.74,43.16,0.23,33.95,99.88,0.49,33.27,31.77,75.85,4.63,37.22,0.683
4.7,20.07,44.69,0.92,32.96,97.37,0.39,32.14,35.49,68.9,7.51,46.07,0.661
8.59,20.07,44.69,0.92,32.96,97.37,0.39,32.14,35.49,68.9,7.51,43.03,0.661
7.51,20.07,44.69,0.92,32.96,97.37,0.39,32.14,35.49,68.9,7.51,47.54,0.661
3.87,13.86,57.9,0.0,24.17,99.82,0.45,16.34,27.63,72.3,6.33,38.55,0.763
4.8,8.01,76.11,0.0,11.41,99.94,0.46,6.77,16.63,74.62,4.04,41.55,0.832
2.7,9.97,68.22,0.0,14.91,100.0,0.49,14.3,23.68,68.0,7.28,33.8,0.808
2.05,9.97,68.22,0.0,14.91,100.0,0.49,14.3,23.68,68.0,7.28,33.75,0.808
3.4,13.86,57.9,0.0,24.17,99.82,0.45,16.34,27.63,72.3,6.33,38.7,0.763
2.04,9.97,68.22,0.0,14.91,100.0,0.49,14.3,23.68,68.0,7.28,33.94,0.808
3.22,9.97,68.22,0.0,14.91,100.0,0.49,14.3,23.68,68.0,7.28,44.27,0.808
2.89,9.97,68.22,0.0,14.91,100.0,0.49,14.3,23.68,68.0,7.28,35.16,0.808
4.29,22.74,43.16,0.23,33.95,99.88,0.49,33.27,31.77,75.85,4.63,41.59,0.683
3.89,20.8,56.21,0.0,26.7,100.0,0.41,23.47,28.92,76.47,3.61,43.38,0.71
5.16,13.86,57.9,0.0,24.17,99.82,0.45,16.34,27.63,72.3,6.33,42.93,0.763
3.86,13.86,57.9,0.0,24.17,99.82,0.45,16.34,27.63,72.3,6.33,40.73,0.763
3.78,20.8,56.21,0.0,26.7,100.0,0.41,23.47,28.92,76.47,3.61,41.35,0.71
4.2,13.86,57.9,0.0,24.17,99.82,0.45,16.34,27.63,72.3,6.33,42.1,0.763
12.51,22.95,37.29,0.47,36.02,98.57,0.4,41.19,34.72,71.42,9.39,50.68,0.617
6.67,18.45,48.15,0.34,30.9,99.9,0.39,24.57,33.31,70.11,7.31,46.82,0.685
9.85,17.52,39.88,0.77,41.85,93.83,0.42,39.78,37.79,72.73,8.18,42.63,0.65
5.71,17.52,39.88,0.77,41.85,93.83,0.42,39.78,37.79,72.73,8.18,41.7,0.65
9.33,22.95,37.29,0.47,36.02,98.57,0.4,41.19,34.72,71.42,9.39,50.61,0.617
13.19,22.95,37.29,0.47,36.02,98.57,0.4,41.19,34.72,71.42,9.39,49.63,0.617
10.23,22.95,37.29,0.47,36.02,98.57,0.4,41.19,34.72,71.42,9.39,48.77,0.617
6.02,18.45,48.15,0.34,30.9,99.9,0.39,24.57,33.31,70.11,7.31,45.45,0.685
10.17,17.52,39.88,0.77,41.85,93.83,0.42,39.78,37.79,72.73,8.18,50.66,0.65
6.64,18.45,48.15,0.34,30.9,99.9,0.39,24.57,33.31,70.11,7.31,43.06,0.685
5.33,18.45,48.15,0.34,30.9,99.9,0.39,24.57,33.31,70.11,7.31,42.21,0.685
5.44,18.45,48.15,0.34,30.9,99.9,0.39,24.57,33.31,70.11,7.31,43.27,0.685
6.63,18.45,48.15,0.34,30.9,99.9,0.39,24.57,33.31,70.11,7.31,39.0,0.685
2.93,18.45,48.15,0.34,30.9,99.9,0.39,24.57,33.31,70.11,7.31,36.76,0.685
7.77,18.45,48.15,0.34,30.9,99.9,0.39,24.57,33.31,70.11,7.31,33.33,0.685
6.17,18.45,48.15,0.34,30.9,99.9,0.39,24.57,33.31,70.11,7.31,41.33,0.685
4.78,18.45,48.15,0.34,30.9,99.9,0.39,24.57,33.31,70.11,7.31,44.32,0.685
3.47,12.82,65.55,0.0,19.51,100.0,0.44,13.07,23.63,72.89,6.79,36.87,0.771
4.07,15.05,61.49,0.0,19.76,99.82,0.4,12.85,25.98,71.91,6.83,39.4,0.749
3.48,13.25,61.22,2.35,19.52,100.0,0.47,18.93,26.68,68.17,7.64,39.31,0.748
2.52,14.27,59.9,0.07,16.03,100.0,0.46,16.24,27.91,74.28,6.29,39.16,0.765
1.74,8.7,75.88,0.0,13.46,100.0,0.47,7.49,16.54,74.6,7.94,34.87,0.83
1.66,8.7,75.88,0.0,13.46,100.0,0.47,7.49,16.54,74.6,7.94,32.75,0.83
0.94,8.01,76.11,0.0,11.41,99.94,0.46,6.77,16.63,74.62,4.04,31.02,0.832
3.36,15.05,61.49,0.0,19.76,99.82,0.4,12.85,25.98,71.91,6.83,36.71,0.749
3.98,12.23,57.38,0.0,22.91,99.86,0.37,20.22,27.3,73.29,6.17,40.72,0.721
2.43,12.82,65.55,0.0,19.51,100.0,0.44,13.07,23.63,72.89,6.79,37.92,0.771
2.66,15.05,61.49,0.0,19.76,99.82,0.4,12.85,25.98,71.91,6.83,37.81,0.749
1.96,15.05,61.49,0.0,19.76,99.82,0.4,12.85,25.98,71.91,6.83,34.47,0.749
2.78,9.97,68.22,0.0,14.91,100.0,0.49,14.3,23.68,68.0,7.28,38.08,0.808
1.21,9.16,82.52,0.0,6.61,100.0,0.5,5.17,11.55,75.32,4.35,33.35,0.866
1.77,8.7,75.88,0.0,13.46,100.0,0.47,7.49,16.54,74.6,7.94,35.29,0.83
1.72,9.97,68.22,0.0,14.91,100.0,0.49,14.3,23.68,68.0,7.28,36.26,0.808
1.35,11.0,85.41,0.0,5.97,100.0,0.49,2.56,10.81,78.88,5.23,32.41,0.894
3.12,12.23,57.38,0.0,22.91,99.86,0.37,20.22,27.3,73.29,6.17,41.68,0.721
7.72,23.32,47.85,2.16,32.41,95.58,0.38,39.23,36.53,69.44,11.1,50.2,0.657
5.42,16.75,52.87,0.49,23.29,99.67,0.41,24.68,30.23,72.82,9.46,40.43,0.712
1.43,12.13,82.18,0.0,6.26,100.0,0.54,5.63,12.27,76.45,4.93,34.47,0.88
4.16,12.56,68.9,0.06,18.44,99.3,0.47,13.77,19.68,70.75,6.26,38.09,0.794
7.21,16.75,52.87,0.49,23.29,99.67,0.41,24.68,30.23,72.82,9.46,43.51,0.712
6.65,22.14,57.57,1.16,23.46,98.34,0.4,20.48,26.54,72.85,7.43,41.35,0.729
5.86,13.7,50.49,1.57,27.56,98.54,0.4,28.84,33.06,68.18,10.04,48.26,0.691
1.33,8.84,74.38,0.06,9.46,98.98,0.51,8.83,17.38,72.44,5.91,30.17,0.843
6.99,13.7,50.49,1.57,27.56,98.54,0.4,28.84,33.06,68.18,10.04,38.54,0.691
5.39,23.32,47.85,2.16,32.41,95.58,0.38,39.23,36.53,69.44,11.1,43.24,0.657
2.36,12.56,68.9,0.06,18.44,99.3,0.47,13.77,19.68,70.75,6.26,34.92,0.794
4.88,12.56,68.9,0.06,18.44,99.3,0.47,13.77,19.68,70.75,6.26,38.36,0.794
4.41,12.56,68.9,0.06,18.44,99.3,0.47,13.77,19.68,70.75,6.26,36.66,0.794
2.4,8.84,74.38,0.06,9.46,98.98,0.51,8.83,17.38,72.44,5.91,35.99,0.843
1.93,8.84,74.38,0.06,9.46,98.98,0.51,8.83,17.38,72.44,5.91,41.83,0.843
11.0,26.1,42.53,0.5,32.35,98.17,0.39,43.8,40.42,69.11,16.6,54.19,0.641
10.38,8.84,74.38,0.06,9.46,98.98,0.51,8.83,17.38,72.44,5.91,39.0,0.843
9.51,13.7,50.49,1.57,27.56,98.54,0.4,28.84,33.06,68.18,10.04,49.13,0.691
11.41,23.32,47.85,2.16,32.41,95.58,0.38,39.23,36.53,69.44,11.1,56.5,0.657
8.51,12.9,52.87,0.6,35.08,99.24,0.38,36.24,31.22,72.55,12.81,41.94,0.693
5.76,12.36,60.13,0.17,18.52,99.89,0.42,19.84,25.61,74.26,7.9,40.84,0.741
7.61,12.9,52.87,0.6,35.08,99.24,0.38,36.24,31.22,72.55,12.81,44.66,0.693
6.29,12.9,52.87,0.6,35.08,99.24,0.38,36.24,31.22,72.55,12.81,44.39,0.693
2.95,12.9,52.87,0.6,35.08,99.24,0.38,36.24,31.22,72.55,12.81,37.93,0.693
4.7,19.7,58.31,0.17,20.78,99.75,0.36,18.58,27.15,71.93,8.21,38.99,0.73
2.71,4.11,65.88,0.0,15.69,99.92,0.35,13.74,22.01,74.74,7.34,36.57,0.777
4.24,12.36,60.13,0.17,18.52,99.89,0.42,19.84,25.61,74.26,7.9,39.81,0.741
2.96,4.11,65.88,0.0,15.69,99.92,0.35,13.74,22.01,74.74,7.34,35.54,0.777
1.84,12.56,68.9,0.06,18.44,99.3,0.47,13.77,19.68,70.75,6.26,30.39,0.794
6.37,19.78,47.85,1.52,32.61,96.78,0.38,37.6,33.56,70.19,8.61,46.35,0.669
7.14,19.78,47.85,1.52,32.61,96.78,0.38,37.6,33.56,70.19,8.61,45.33,0.669
1.26,12.13,82.18,0.0,6.26,100.0,0.54,5.63,12.27,76.45,4.93,37.15,0.88
4.67,16.65,62.02,0.0,20.6,99.8,0.39,19.11,24.82,70.94,6.54,40.42,0.749
2.97,7.65,68.72,0.34,12.59,99.66,0.37,12.05,21.72,75.36,9.49,36.04,0.778
5.24,14.72,53.82,0.05,31.22,99.6,0.37,28.85,29.21,70.75,8.1,45.98,0.697
4.49,9.43,56.5,0.0,24.31,99.11,0.46,20.34,28.09,71.92,8.72,39.95,0.747
7.54,8.84,74.38,0.06,9.46,98.98,0.51,8.83,17.38,72.44,5.91,46.13,0.843
7.31,19.78,47.85,1.52,32.61,96.78,0.38,37.6,33.56,70.19,8.61,43.06,0.669
3.44,12.56,68.9,0.06,18.44,99.3,0.47,13.77,19.68,70.75,6.26,38.84,0.794
0.3,8.84,74.38,0.06,9.46,98.98,0.51,8.83,17.38,72.44,5.91,30.93,0.843
0.94,8.84,74.38,0.06,9.46,98.98,0.51,8.83,17.38,72.44,5.91,32.05,0.843
0.78,8.84,74.38,0.06,9.46,98.98,0.51,8.83,17.38,72.44,5.91,37.03,0.843
8.35,15.67,45.04,0.0,30.02,93.86,0.39,35.26,34.03,73.64,10.13,46.57,0.672
4.63,13.94,54.15,0.0,19.98,98.87,0.39,28.1,29.73,76.05,8.73,41.44,0.719
1.19,8.84,74.38,0.06,9.46,98.98,0.51,8.83,17.38,72.44,5.91,30.1,0.843
7.54,23.32,47.85,2.16,32.41,95.58,0.38,39.23,36.53,69.44,11.1,51.3,0.657
5.71,13.7,50.49,1.57,27.56,98.54,0.4,28.84,33.06,68.18,10.04,44.48,0.691
3.94,10.17,67.12,0.24,20.54,100.0,0.43,17.58,22.18,73.61,6.96,39.27,0.769
8.99,23.32,47.85,2.16,32.41,95.58,0.38,39.23,36.53,69.44,11.1,61.7,0.657
6.06,16.76,55.41,0.53,28.65,98.38,0.38,27.59,27.43,73.15,9.47,45.1,0.716
10.87,23.32,47.85,2.16,32.41,95.58,0.38,39.23,36.53,69.44,11.1,43.49,0.657
8.77,23.32,47.85,2.16,32.41,95.58,0.38,39.23,36.53,69.44,11.1,46.88,0.657
4.46,22.14,57.57,1.16,23.46,98.34,0.4,20.48,26.54,72.85,7.43,39.53,0.729
11.16,23.32,47.85,2.16,32.41,95.58,0.38,39.23,36.53,69.44,11.1,69.6,0.657
10.87,13.7,50.49,1.57,27.56,98.54,0.4,28.84,33.06,68.18,10.04,30.74,0.691
5.84,12.56,68.9,0.06,18.44,99.3,0.47,13.77,19.68,70.75,6.26,42.82,0.794
6.32,22.14,57.57,1.16,23.46,98.34,0.4,20.48,26.54,72.85,7.43,41.68,0.729
8.58,23.32,47.85,2.16,32.41,95.58,0.38,39.23,36.53,69.44,11.1,46.45,0.657
9.86,23.32,47.85,2.16,32.41,95.58,0.38,39.23,36.53,69.44,11.1,50.26,0.657
1.41,9.62,93.47,0.0,1.23,100.0,0.51,2.89,2.55,71.73,3.48,33.62,0.951
3.97,19.47,54.74,0.0,19.69,99.09,0.39,13.64,28.05,73.55,3.66,40.37,0.727
0.17,9.62,93.47,0.0,1.23,100.0,0.51,2.89,2.55,71.73,3.48,37.61,0.951
3.85,9.54,81.99,0.4,9.32,99.88,0.56,6.71,11.87,74.8,2.76,39.32,0.894
10.74,22.49,38.84,2.87,22.34,98.04,0.44,26.6,43.5,55.89,7.83,48.23,0.682
4.19,12.18,69.68,0.0,13.11,98.33,0.62,11.49,19.8,79.02,2.82,39.76,0.844
6.18,22.49,38.84,2.87,22.34,98.04,0.44,26.6,43.5,55.89,7.83,42.58,0.682
9.83,22.49,38.84,2.87,22.34,98.04,0.44,26.6,43.5,55.89,7.83,44.12,0.682
3.51,20.94,60.15,5.1,20.45,97.45,0.46,19.64,25.07,70.81,4.48,43.12,0.75
10.97,27.41,37.36,2.38,32.77,85.96,0.43,47.82,45.44,61.4,10.54,50.04,0.63
5.87,23.09,52.42,0.83,18.46,97.67,0.41,26.83,32.54,68.12,4.64,47.15,0.712
5.77,27.41,37.36,2.38,32.77,85.96,0.43,47.82,45.44,61.4,10.54,47.6,0.63
6.42,27.41,37.36,2.38,32.77,85.96,0.43,47.82,45.44,61.4,10.54,46.93,0.63
2.38,23.09,52.42,0.83,18.46,97.67,0.41,26.83,32.54,68.12,4.64,50.76,0.712
4.04,18.62,58.55,0.12,21.79,98.14,0.39,20.88,29.16,75.06,7.22,40.18,0.745
2.41,13.13,66.83,0.16,12.35,99.17,0.47,12.95,24.65,75.92,5.18,46.77,0.806
6.46,19.71,49.1,1.59,20.76,98.24,0.4,28.29,33.62,69.75,6.23,46.62,0.695
4.92,16.32,58.01,0.5,18.77,98.3,0.45,22.43,25.73,72.53,6.28,42.56,0.747
1.11,14.94,75.44,0.0,10.19,99.69,0.5,8.17,16.35,75.06,5.32,32.81,0.828
0.0,9.54,81.99,0.4,9.32,99.88,0.56,6.71,11.87,74.8,2.76,20.52,0.894
1.55,13.28,75.49,0.0,10.67,100.0,0.46,8.86,19.23,72.3,7.2,32.38,0.831
0.51,10.08,79.08,0.0,5.67,99.93,0.43,6.78,14.01,75.75,5.39,31.98,0.846
1.2,7.78,88.99,0.0,4.02,99.77,0.48,2.81,6.33,78.11,3.68,30.01,0.905
2.44,14.94,75.44,0.0,10.19,99.69,0.5,8.17,16.35,75.06,5.32,35.91,0.828
6.58,21.46,44.0,0.77,32.75,97.18,0.39,39.42,33.54,70.38,8.93,45.58,0.64
8.54,21.46,44.0,0.77,32.75,97.18,0.39,39.42,33.54,70.38,8.93,46.19,0.64
10.45,19.07,40.09,0.0,31.92,98.98,0.46,43.24,38.33,74.48,15.68,45.63,0.66
6.04,21.46,44.0,0.77,32.75,97.18,0.39,39.42,33.54,70.38,8.93,52.3,0.64
6.83,16.16,48.54,0.15,29.09,99.38,0.42,33.4,32.86,73.31,11.27,45.19,0.69
8.8,21.46,44.0,0.77,32.75,97.18,0.39,39.42,33.54,70.38,8.93,47.74,0.64
10.9,21.46,44.0,0.77,32.75,97.18,0.39,39.42,33.54,70.38,8.93,53.05,0.64
5.17,16.16,48.54,0.15,29.09,99.38,0.42,33.4,32.86,73.31,11.27,44.01,0.69
1.57,15.88,71.15,0.0,9.74,100.0,0.41,9.27,20.24,73.44,5.91,35.89,0.806
4.65,17.89,61.56,0.47,19.56,99.68,0.41,13.65,25.41,73.72,4.39,39.59,0.747
10.37,16.16,48.54,0.15,29.09,99.38,0.42,33.4,32.86,73.31,11.27,42.74,0.69
2.99,19.67,58.35,0.0,17.78,99.85,0.4,17.84,30.6,73.14,6.02,36.7,0.735
2.63,17.89,61.56,0.47,19.56,99.68,0.41,13.65,25.41,73.72,4.39,38.73,0.747
1.49,15.88,71.15,0.0,9.74,100.0,0.41,9.27,20.24,73.44,5.91,36.1,0.806
3.13,15.47,63.15,0.26,17.58,99.76,0.45,16.6,24.27,72.72,6.69,36.93,0.769
2.13,10.02,68.34,0.0,18.91,100.0,0.4,9.9,23.28,77.08,6.46,38.85,0.79
3.87,16.75,57.61,1.61,23.1,99.14,0.42,19.27,27.84,66.12,7.42,37.83,0.736
5.58,16.03,50.76,0.56,28.35,99.74,0.37,25.18,30.43,69.83,6.89,40.21,0.694
3.45,12.35,55.0,0.0,22.96,99.46,0.4,19.27,29.45,68.02,5.62,38.65,0.729
4.11,16.03,50.76,0.56,28.35,99.74,0.37,25.18,30.43,69.83,6.89,40.42,0.694
8.2,21.46,44.0,0.77,32.75,97.18,0.39,39.42,33.54,70.38,8.93,49.2,0.64
8.56,21.46,44.0,0.77,32.75,97.18,0.39,39.42,33.54,70.38,8.93,51.71,0.64
7.27,21.46,44.0,0.77,32.75,97.18,0.39,39.42,33.54,70.38,8.93,43.33,0.64
2.74,11.58,64.46,0.0,15.08,100.0,0.41,10.95,23.16,73.1,6.11,36.68,0.781
1.88,18.98,69.55,0.0,18.16,100.0,0.53,9.74,21.07,74.04,6.93,34.06,0.806
2.53,11.58,64.46,0.0,15.08,100.0,0.41,10.95,23.16,73.1,6.11,33.07,0.781
3.14,14.94,75.44,0.0,10.19,99.69,0.5,8.17,16.35,75.06,5.32,33.48,0.828
6.59,16.16,48.54,0.15,29.09,99.38,0.42,33.4,32.86,73.31,11.27,39.1,0.69
5.73,21.46,44.0,0.77,32.75,97.18,0.39,39.42,33.54,70.38,8.93,52.55,0.64
10.57,16.16,48.54,0.15,29.09,99.38,0.42,33.4,32.86,73.31,11.27,45.23,0.69
8.31,21.46,44.0,0.77,32.75,97.18,0.39,39.42,33.54,70.38,8.93,51.09,0.64
6.29,21.46,44.0,0.77,32.75,97.18,0.39,39.42,33.54,70.38,8.93,50.52,0.64
3.57,21.46,44.0,0.77,32.75,97.18,0.39,39.42,33.54,70.38,8.93,40.95,0.64
1.42,14.26,78.28,0.13,11.87,99.79,0.5,7.22,15.49,74.03,5.78,31.71,0.84
1.76,14.94,75.44,0.0,10.19,99.69,0.5,8.17,16.35,75.06,5.32,32.26,0.828
1.38,14.94,75.44,0.0,10.19,99.69,0.5,8.17,16.35,75.06,5.32,34.14,0.828
1.39,14.94,75.44,0.0,10.19,99.69,0.5,8.17,16.35,75.06,5.32,35.15,0.828
0.83,9.54,81.99,0.4,9.32,99.88,0.56,6.71,11.87,74.8,2.76,29.88,0.894
0.9,14.94,75.44,0.0,10.19,99.69,0.5,8.17,16.35,75.06,5.32,26.71,0.828
3.71,12.35,55.0,0.0,22.96,99.46,0.4,19.27,29.45,68.02,5.62,40.71,0.729
6.14,16.03,50.76,0.56,28.35,99.74,0.37,25.18,30.43,69.83,6.89,40.02,0.694
13.63,16.16,48.54,0.15,29.09,99.38,0.42,33.4,32.86,73.31,11.27,49.84,0.69
7.32,16.03,50.76,0.56,28.35,99.74,0.37,25.18,30.43,69.83,6.89,44.53,0.694
5.9,16.03,50.76,0.56,28.35,99.74,0.37,25.18,30.43,69.83,6.89,40.46,0.694
4.65,16.03,50.76,0.56,28.35,99.74,0.37,25.18,30.43,69.83,6.89,42.19,0.694
4.06,12.35,55.0,0.0,22.96,99.46,0.4,19.27,29.45,68.02,5.62,43.68,0.729
2.46,17.89,61.56,0.47,19.56,99.68,0.41,13.65,25.41,73.72,4.39,41.4,0.747
3.58,21.46,44.0,0.77,32.75,97.18,0.39,39.42,33.54,70.38,8.93,50.67,0.64
1.42,15.88,71.15,0.0,9.74,100.0,0.41,9.27,20.24,73.44,5.91,35.33,0.806
2.13,10.02,68.34,0.0,18.91,100.0,0.4,9.9,23.28,77.08,6.46,36.04,0.79
2.04,11.58,64.46,0.0,15.08,100.0,0.41,10.95,23.16,73.1,6.11,38.63,0.781
1.34,11.58,64.46,0.0,15.08,100.0,0.41,10.95,23.16,73.1,6.11,34.39,0.781
1.4,10.08,79.08,0.0,5.67,99.93,0.43,6.78,14.01,75.75,5.39,34.93,0.846
3.39,17.89,61.56,0.47,19.56,99.68,0.41,13.65,25.41,73.72,4.39,36.36,0.747
1.64,14.94,75.44,0.0,10.19,99.69,0.5,8.17,16.35,75.06,5.32,33.72,0.828
5.42,16.16,48.54,0.15,29.09,99.38,0.42,33.4,32.86,73.31,11.27,52.39,0.69
3.36,17.89,61.56,0.47,19.56,99.68,0.41,13.65,25.41,73.72,4.39,41.16,0.747
2.83,17.89,61.56,0.47,19.56,99.68,0.41,13.65,25.41,73.72,4.39,35.23,0.747
2.06,9.54,81.99,0.4,9.32,99.88,0.56,6.71,11.87,74.8,2.76,32.36,0.894
2.21,14.94,75.44,0.0,10.19,99.69,0.5,8.17,16.35,75.06,5.32,33.86,0.828
4.73,16.03,50.76,0.56,28.35,99.74,0.37,25.18,30.43,69.83,6.89,39.7,0.694
1.61,15.88,71.15,0.0,9.74,100.0,0.41,9.27,20.24,73.44,5.91,34.76,0.806
10.41,17.69,33.92,7.79,29.59,77.94,0.45,40.56,46.56,55.39,8.12,51.74,0.643
11.25,20.94,60.15,5.1,20.45,97.45,0.46,19.64,25.07,70.81,4.48,42.86,0.75
2.1,13.13,66.83,0.16,12.35,99.17,0.47,12.95,24.65,75.92,5.18,44.29,0.806
6.84,12.18,69.68,0.0,13.11,98.33,0.62,11.49,19.8,79.02,2.82,37.33,0.844
3.9,20.94,60.15,5.1,20.45,97.45,0.46,19.64,25.07,70.81,4.48,46.34,0.75
10.92,17.69,33.92,7.79,29.59,77.94,0.45,40.56,46.56,55.39,8.12,50.78,0.643
7.95,16.18,41.82,2.26,32.13,96.17,0.36,36.98,37.37,68.88,7.85,50.36,0.635
4.36,27.41,37.36,2.38,32.77,85.96,0.43,47.82,45.44,61.4,10.54,48.38,0.63
5.49,23.09,52.42,0.83,18.46,97.67,0.41,26.83,32.54,68.12,4.64,41.36,0.712
12.9,27.61,40.22,6.29,19.75,90.52,0.45,38.0,44.21,61.11,5.63,57.16,0.655
6.46,20.2,48.41,0.27,16.52,97.95,0.48,20.8,36.71,56.03,5.17,44.74,0.724
0.42,9.54,81.99,0.4,9.32,99.88,0.56,6.71,11.87,74.8,2.76,44.14,0.894
2.83,12.18,69.68,0.0,13.11,98.33,0.62,11.49,19.8,79.02,2.82,39.18,0.844
9.5,19.19,40.6,0.36,36.61,96.84,0.34,38.67,36.16,74.74,9.42,57.52,0.63
8.81,19.19,40.6,0.36,36.61,96.84,0.34,38.67,36.16,74.74,9.42,50.59,0.63
4.16,10.89,52.99,0.0,26.79,99.76,0.38,26.11,27.81,74.77,8.92,46.38,0.71
6.87,17.54,50.51,0.0,27.02,95.12,0.34,28.25,30.19,76.41,7.75,44.96,0.676
9.94,19.19,40.6,0.36,36.61,96.84,0.34,38.67,36.16,74.74,9.42,50.18,0.63
6.12,17.36,42.94,0.81,34.8,99.38,0.38,35.4,36.37,70.27,7.62,44.36,0.662
3.75,10.89,52.99,0.0,26.79,99.76,0.38,26.11,27.81,74.77,8.92,40.6,0.71
2.41,18.06,59.67,0.0,21.57,98.96,0.39,20.3,27.26,73.38,4.64,33.99,0.746
3.94,18.06,59.67,0.0,21.57,98.96,0.39,20.3,27.26,73.38,4.64,39.17,0.746
2.54,18.06,59.67,0.0,21.57,98.96,0.39,20.3,27.26,73.38,4.64,32.04,0.746
6.72,18.19,44.64,0.66,24.3,99.45,0.41,27.62,35.04,73.17,6.36,42.73,0.684
3.11,10.89,52.99,0.0,26.79,99.76,0.38,26.11,27.81,74.77,8.92,38.74,0.71
4.18,18.06,59.67,0.0,21.57,98.96,0.39,20.3,27.26,73.38,4.64,44.69,0.746
5.95,18.39,47.07,0.0,23.13,97.77,0.35,22.66,34.18,71.94,6.56,42.0,0.696
6.02,14.13,49.48,0.0,28.21,98.52,0.34,25.62,32.29,73.3,8.69,47.02,0.692
5.43,19.05,47.61,0.14,27.91,99.65,0.34,30.3,34.71,71.67,9.31,43.92,0.682
5.95,14.13,49.48,0.0,28.21,98.52,0.34,25.62,32.29,73.3,8.69,43.77,0.692
4.9,17.54,50.51,0.0,27.02,95.12,0.34,28.25,30.19,76.41,7.75,46.32,0.676
5.34,17.54,50.51,0.0,27.02,95.12,0.34,28.25,30.19,76.41,7.75,41.45,0.676
3.94,18.92,61.37,0.07,18.31,99.52,0.49,12.76,27.44,71.6,4.07,40.25,0.786
8.48,18.92,61.37,0.07,18.31,99.52,0.49,12.76,27.44,71.6,4.07,47.64,0.786
12.11,26.7,33.46,1.96,34.45,90.24,0.39,39.98,49.37,61.01,9.02,56.77,0.607
9.46,26.7,33.46,1.96,34.45,90.24,0.39,39.98,49.37,61.01,9.02,52.68,0.607
15.76,26.7,33.46,1.96,34.45,90.24,0.39,39.98,49.37,61.01,9.02,50.95,0.607
11.78,20.95,54.56,0.9,20.8,97.93,0.39,19.83,30.26,68.53,5.5,47.72,0.727
7.03,26.7,33.46,1.96,34.45,90.24,0.39,39.98,49.37,61.01,9.02,47.81,0.607
10.18,26.7,33.46,1.96,34.45,90.24,0.39,39.98,49.37,61.01,9.02,54.97,0.607
5.38,20.95,54.56,0.9,20.8,97.93,0.39,19.83,30.26,68.53,5.5,41.05,0.727
4.92,20.95,54.56,0.9,20.8,97.93,0.39,19.83,30.26,68.53,5.5,41.65,0.727
8.15,22.32,37.36,4.22,8.58,99.66,0.44,24.37,45.43,53.27,2.18,44.31,0.691
9.62,28.76,37.46,0.19,16.62,99.52,0.4,31.21,42.76,63.65,5.98,47.06,0.677
10.85,25.36,37.29,4.06,23.03,86.71,0.57,35.66,49.64,47.28,4.82,50.67,0.681
12.38,20.98,33.72,2.44,21.44,95.01,0.41,43.85,50.91,49.56,5.71,47.0,0.662
8.57,25.18,51.52,6.12,24.94,93.27,0.47,36.07,33.5,73.41,8.63,45.3,0.717
1.64,9.54,81.99,0.4,9.32,99.88,0.56,6.71,11.87,74.8,2.76,39.17,0.894
8.83,27.41,37.36,2.38,32.77,85.96,0.43,47.82,45.44,61.4,10.54,52.89,0.63
7.73,27.61,40.22,6.29,19.75,90.52,0.45,38.0,44.21,61.11,5.63,41.29,0.655
8.16,16.5,52.15,0.33,26.91,97.22,0.46,24.05,31.14,61.05,6.52,50.38,0.709
6.74,16.5,52.15,0.33,26.91,97.22,0.46,24.05,31.14,61.05,6.52,49.26,0.709
5.27,20.94,60.15,5.1,20.45,97.45,0.46,19.64,25.07,70.81,4.48,40.55,0.75
7.52,16.5,52.15,0.33,26.91,97.22,0.46,24.05,31.14,61.05,6.52,48.03,0.709
3.12,13.6,69.63,0.41,17.76,98.77,0.6,11.03,20.73,71.26,4.56,41.09,0.83
4.26,20.94,60.15,5.1,20.45,97.45,0.46,19.64,25.07,70.81,4.48,40.16,0.75
1.66,13.6,69.63,0.41,17.76,98.77,0.6,11.03,20.73,71.26,4.56,39.72,0.83
5.83,16.5,52.15,0.33,26.91,97.22,0.46,24.05,31.14,61.05,6.52,40.54,0.709
8.12,21.2,43.84,0.76,23.39,97.78,0.46,31.83,39.25,64.02,8.08,46.46,0.699
3.39,13.13,66.83,0.16,12.35,99.17,0.47,12.95,24.65,75.92,5.18,38.03,0.806
5.12,12.18,69.68,0.0,13.11,98.33,0.62,11.49,19.8,79.02,2.82,37.6,0.844
4.71,23.09,52.42,0.83,18.46,97.67,0.41,26.83,32.54,68.12,4.64,44.95,0.712
7.04,23.09,52.42,0.83,18.46,97.67,0.41,26.83,32.54,68.12,4.64,47.19,0.712
13.44,27.61,40.22,6.29,19.75,90.52,0.45,38.0,44.21,61.11,5.63,44.28,0.655
10.18,27.41,37.36,2.38,32.77,85.96,0.43,47.82,45.44,61.4,10.54,52.99,0.63
8.34,27.61,40.22,6.29,19.75,90.52,0.45,38.0,44.21,61.11,5.63,55.61,0.655
5.7,14.74,54.46,0.68,21.63,99.68,0.43,24.34,30.49,72.77,9.37,42.17,0.731
0.54,9.62,93.47,0.0,1.23,100.0,0.51,2.89,2.55,71.73,3.48,31.98,0.951
2.69,9.54,81.99,0.4,9.32,99.88,0.56,6.71,11.87,74.8,2.76,37.48,0.894
1.63,7.78,88.99,0.0,4.02,99.77,0.48,2.81,6.33,78.11,3.68,34.95,0.905
5.01,20.94,60.15,5.1,20.45,97.45,0.46,19.64,25.07,70.81,4.48,40.9,0.75
3.98,23.09,52.42,0.83,18.46,97.67,0.41,26.83,32.54,68.12,4.64,47.41,0.712
3.54,10.08,79.08,0.0,5.67,99.93,0.43,6.78,14.01,75.75,5.39,43.69,0.846
4.16,19.47,54.74,0.0,19.69,99.09,0.39,13.64,28.05,73.55,3.66,39.81,0.727
1.48,19.13,72.99,0.0,11.5,100.0,0.49,6.85,19.02,80.72,5.03,35.54,0.822
3.59,23.55,59.19,0.13,21.94,99.5,0.39,17.34,28.11,77.16,6.31,38.23,0.725
5.94,27.61,40.22,6.29,19.75,90.52,0.45,38.0,44.21,61.11,5.63,42.7,0.655
0.78,9.62,93.47,0.0,1.23,100.0,0.51,2.89,2.55,71.73,3.48,35.79,0.951
1.2,9.62,93.47,0.0,1.23,100.0,0.51,2.89,2.55,71.73,3.48,44.04,0.951
2.19,9.54,81.99,0.4,9.32,99.88,0.56,6.71,11.87,74.8,2.76,35.36,0.894
3.17,12.18,69.68,0.0,13.11,98.33,0.62,11.49,19.8,79.02,2.82,39.21,0.844
3.39,12.18,69.68,0.0,13.11,98.33,0.62,11.49,19.8,79.02,2.82,47.72,0.844
5.15,27.61,40.22,6.29,19.75,90.52,0.45,38.0,44.21,61.11,5.63,41.53,0.655
5.35,27.61,40.22,6.29,19.75,90.52,0.45,38.0,44.21,61.11,5.63,45.47,0.655
1.44,10.08,79.08,0.0,5.67,99.93,0.43,6.78,14.01,75.75,5.39,38.36,0.846
8.56,14.17,42.59,1.08,29.92,97.69,0.36,37.2,38.26,68.87,9.8,46.53,0.663
13.46,14.17,42.59,1.08,29.92,97.69,0.36,37.2,38.26,68.87,9.8,54.5,0.663
6.31,17.43,62.8,0.26,18.22,99.13,0.43,17.72,26.99,73.43,8.56,38.52,0.763
3.05,17.43,62.8,0.26,18.22,99.13,0.43,17.72,26.99,73.43,8.56,40.46,0.763
3.7,15.03,55.68,0.18,21.02,99.48,0.4,17.87,29.84,72.05,7.25,39.13,0.746
8.9,14.17,42.59,1.08,29.92,97.69,0.36,37.2,38.26,68.87,9.8,48.22,0.663
5.6,15.03,55.68,0.18,21.02,99.48,0.4,17.87,29.84,72.05,7.25,40.68,0.746
3.12,17.43,62.8,0.26,18.22,99.13,0.43,17.72,26.99,73.43,8.56,36.24,0.763
9.0,14.17,42.59,1.08,29.92,97.69,0.36,37.2,38.26,68.87,9.8,46.04,0.663
4.88,17.43,62.8,0.26,18.22,99.13,0.43,17.72,26.99,73.43,8.56,36.95,0.763
5.01,20.35,55.56,3.19,21.1,99.0,0.52,27.07,31.66,76.85,6.97,39.71,0.73
8.58,20.75,38.71,1.08,38.92,94.46,0.36,44.33,38.1,71.19,8.05,49.25,0.621
9.68,21.32,31.77,14.17,35.07,97.06,0.34,32.56,40.41,65.54,8.82,48.06,0.604
7.57,20.75,38.71,1.08,38.92,94.46,0.36,44.33,38.1,71.19,8.05,50.26,0.621
10.42,20.75,38.71,1.08,38.92,94.46,0.36,44.33,38.1,71.19,8.05,48.08,0.621
6.19,19.62,41.2,1.8,26.49,96.3,0.36,30.82,37.23,71.16,6.94,44.33,0.657
4.29,21.32,31.77,14.17,35.07,97.06,0.34,32.56,40.41,65.54,8.82,41.74,0.604
3.83,20.75,38.71,1.08,38.92,94.46,0.36,44.33,38.1,71.19,8.05,51.43,0.621
8.0,21.28,45.59,0.86,29.53,98.2,0.36,27.11,33.96,70.94,5.94,48.45,0.675
5.25,18.24,50.47,0.18,29.57,99.01,0.36,30.54,29.04,74.74,8.03,42.09,0.687
1.25,20.94,60.15,5.1,20.45,97.45,0.46,19.64,25.07,70.81,4.48,31.53,0.75
0.71,20.94,60.15,5.1,20.45,97.45,0.46,19.64,25.07,70.81,4.48,28.94,0.75
6.81,17.88,52.57,1.02,22.57,98.22,0.42,23.16,28.7,73.56,7.41,47.04,0.721
5.88,21.63,44.68,0.18,24.32,99.8,0.33,23.01,31.45,74.37,6.02,41.86,0.686
6.28,21.28,45.59,0.86,29.53,98.2,0.36,27.11,33.96,70.94,5.94,43.38,0.675
5.83,9.89,48.46,1.82,29.17,99.59,0.38,25.92,30.99,73.32,7.19,43.6,0.689
6.25,19.51,47.42,1.17,25.16,98.77,0.4,28.83,30.4,75.72,5.3,44.14,0.678
5.3,13.23,50.56,0.27,26.68,99.4,0.36,27.82,30.81,73.88,5.42,43.47,0.698
5.64,19.33,52.96,0.32,25.76,99.69,0.39,25.24,29.11,71.77,9.44,41.66,0.711
6.06,21.28,45.59,0.86,29.53,98.2,0.36,27.11,33.96,70.94,5.94,42.17,0.675
1.06,12.18,69.68,0.0,13.11,98.33,0.62,11.49,19.8,79.02,2.82,40.99,0.844
4.88,9.54,81.99,0.4,9.32,99.88,0.56,6.71,11.87,74.8,2.76,40.31,0.894
9.28,21.32,31.77,14.17,35.07,97.06,0.34,32.56,40.41,65.54,8.82,51.14,0.604
7.57,17.16,45.66,0.47,33.37,93.09,0.36,34.2,32.57,73.82,7.95,45.0,0.656
7.63,19.47,42.38,1.83,33.88,91.0,0.38,37.09,36.53,71.31,9.8,49.92,0.645
6.57,25.24,46.49,8.11,33.11,97.99,0.37,32.07,30.7,70.88,7.22,49.52,0.659
4.26,21.32,31.77,14.17,35.07,97.06,0.34,32.56,40.41,65.54,8.82,8.92,0.604
4.09,21.32,31.77,14.17,35.07,97.06,0.34,32.56,40.41,65.54,8.82,57.61,0.604
6.72,23.69,42.38,0.7,29.24,89.74,0.42,37.69,35.25,72.98,8.31,45.49,0.654
6.45,20.16,51.31,0.17,29.12,96.8,0.39,30.07,34.34,64.24,6.65,42.91,0.702
4.19,17.88,52.57,1.02,22.57,98.22,0.42,23.16,28.7,73.56,7.41,38.72,0.721
8.77,17.88,52.57,1.02,22.57,98.22,0.42,23.16,28.7,73.56,7.41,34.97,0.721
5.91,25.24,46.49,8.11,33.11,97.99,0.37,32.07,30.7,70.88,7.22,48.07,0.659
8.98,21.32,31.77,14.17,35.07,97.06,0.34,32.56,40.41,65.54,8.82,27.5,0.604
5.97,20.67,47.7,0.0,27.44,98.89,0.39,27.42,33.68,70.7,7.32,43.73,0.701
7.16,32.4,41.15,0.16,24.5,98.5,0.47,29.6,40.23,63.26,6.23,41.94,0.673
11.58,17.36,27.08,1.56,11.23,97.8,0.43,29.23,60.23,38.36,2.54,44.59,0.648
2.11,17.07,79.86,0.0,11.08,99.44,0.46,6.26,15.35,78.99,4.38,36.3,0.843
1.02,17.07,79.86,0.0,11.08,99.44,0.46,6.26,15.35,78.99,4.38,35.02,0.843
12.07,20.63,44.17,4.8,36.34,88.36,0.42,38.43,38.02,69.69,6.95,55.15,0.665
5.51,21.68,47.31,0.21,36.38,96.48,0.38,32.54,31.02,74.68,9.99,46.37,0.681
6.99,13.96,44.72,0.88,33.59,92.22,0.35,35.03,32.97,77.44,7.78,48.37,0.66
3.74,22.22,59.25,0.0,26.22,100.0,0.4,18.97,28.48,74.28,7.32,41.96,0.738
4.03,20.13,51.67,2.53,28.66,99.16,0.4,28.65,32.31,74.2,4.7,40.86,0.709
5.73,21.68,47.31,0.21,36.38,96.48,0.38,32.54,31.02,74.68,9.99,39.75,0.681
5.77,20.13,51.67,2.53,28.66,99.16,0.4,28.65,32.31,74.2,4.7,39.88,0.709
10.39,20.63,44.17,4.8,36.34,88.36,0.42,38.43,38.02,69.69,6.95,47.05,0.665
8.47,20.13,51.67,2.53,28.66,99.16,0.4,28.65,32.31,74.2,4.7,47.36,0.709
0.26,14.1,65.14,0.13,17.06,95.67,0.4,14.25,24.36,77.95,8.33,36.94,0.782
2.52,17.07,79.86,0.0,11.08,99.44,0.46,6.26,15.35,78.99,4.38,36.99,0.843
1.31,17.07,79.86,0.0,11.08,99.44,0.46,6.26,15.35,78.99,4.38,44.04,0.843
7.37,20.63,44.17,4.8,36.34,88.36,0.42,38.43,38.02,69.69,6.95,48.84,0.665
8.29,21.68,47.31,0.21,36.38,96.48,0.38,32.54,31.02,74.68,9.99,49.98,0.681
2.79,14.1,65.14,0.13,17.06,95.67,0.4,14.25,24.36,77.95,8.33,38.9,0.782
5.52,20.63,44.17,4.8,36.34,88.36,0.42,38.43,38.02,69.69,6.95,45.54,0.665
5.25,20.13,51.67,2.53,28.66,99.16,0.4,28.65,32.31,74.2,4.7,40.11,0.709
5.13,14.1,65.14,0.13,17.06,95.67,0.4,14.25,24.36,77.95,8.33,40.26,0.782
6.64,20.63,44.17,4.8,36.34,88.36,0.42,38.43,38.02,69.69,6.95,48.41,0.665
9.83,20.63,44.17,4.8,36.34,88.36,0.42,38.43,38.02,69.69,6.95,47.82,0.665
5.5,21.68,47.31,0.21,36.38,96.48,0.38,32.54,31.02,74.68,9.99,42.45,0.681
2.93,18.92,61.37,0.07,18.31,99.52,0.49,12.76,27.44,71.6,4.07,37.14,0.786
8.24,22.42,39.45,2.13,42.07,90.41,0.38,42.17,41.22,64.59,9.23,52.79,0.62
10.39,22.42,39.45,2.13,42.07,90.41,0.38,42.17,41.22,64.59,9.23,48.52,0.62
8.12,22.89,36.6,1.14,42.11,92.42,0.37,43.96,38.07,67.64,8.42,47.62,0.597
2.6,21.17,62.41,0.0,18.53,99.36,0.45,15.76,25.41,75.09,6.63,37.56,0.768
8.31,22.89,36.6,1.14,42.11,92.42,0.37,43.96,38.07,67.64,8.42,59.21,0.597
4.47,22.32,49.8,1.05,23.89,94.03,0.44,22.72,31.7,70.15,4.29,44.55,0.71
5.82,17.02,52.68,0.23,26.71,97.3,0.41,24.98,29.87,73.31,5.7,45.4,0.704
7.78,22.42,39.45,2.13,42.07,90.41,0.38,42.17,41.22,64.59,9.23,45.41,0.62
4.66,17.02,52.68,0.23,26.71,97.3,0.41,24.98,29.87,73.31,5.7,47.47,0.704
7.32,22.32,49.8,1.05,23.89,94.03,0.44,22.72,31.7,70.15,4.29,37.95,0.71
4.81,22.32,49.8,1.05,23.89,94.03,0.44,22.72,31.7,70.15,4.29,40.92,0.71
8.84,22.89,36.6,1.14,42.11,92.42,0.37,43.96,38.07,67.64,8.42,69.37,0.597
5.11,17.02,52.68,0.23,26.71,97.3,0.41,24.98,29.87,73.31,5.7,40.36,0.704
7.54,22.42,39.45,2.13,42.07,90.41,0.38,42.17,41.22,64.59,9.23,52.24,0.62
5.4,18.17,44.09,1.61,30.16,99.25,0.37,36.27,38.76,70.56,10.16,45.55,0.641
4.87,22.89,36.6,1.14,42.11,92.42,0.37,43.96,38.07,67.64,8.42,54.76,0.597
8.15,22.89,36.6,1.14,42.11,92.42,0.37,43.96,38.07,67.64,8.42,50.91,0.597
9.24,22.42,39.45,2.13,42.07,90.41,0.38,42.17,41.22,64.59,9.23,41.61,0.62
7.88,22.89,36.6,1.14,42.11,92.42,0.37,43.96,38.07,67.64,8.42,49.28,0.597
2.18,11.67,65.16,0.0,16.02,99.91,0.39,14.97,24.6,74.86,7.66,38.31,0.755
4.68,15.04,52.86,0.0,29.06,99.89,0.4,24.0,31.06,73.24,6.71,43.87,0.705
3.98,14.16,57.11,0.26,23.58,100.0,0.37,21.42,28.14,75.48,6.57,41.6,0.722
3.09,10.97,63.63,0.33,20.35,100.0,0.42,18.9,24.05,75.01,6.34,39.39,0.756
6.92,22.42,39.45,2.13,42.07,90.41,0.38,42.17,41.22,64.59,9.23,42.3,0.62
8.3,22.42,39.45,2.13,42.07,90.41,0.38,42.17,41.22,64.59,9.23,54.34,0.62
4.67,17.02,52.68,0.23,26.71,97.3,0.41,24.98,29.87,73.31,5.7,40.99,0.704
5.91,22.89,36.6,1.14,42.11,92.42,0.37,43.96,38.07,67.64,8.42,54.07,0.597
11.07,22.89,36.6,1.14,42.11,92.42,0.37,43.96,38.07,67.64,8.42,47.82,0.597
8.65,29.25,41.97,2.13,31.0,94.37,0.44,32.98,40.32,61.31,7.78,43.81,0.662
5.46,16.49,54.0,0.65,24.95,100.0,0.42,26.95,29.65,75.14,7.18,43.95,0.729
5.88,17.67,54.78,0.75,21.77,99.41,0.46,24.46,29.86,70.06,7.37,45.28,0.734
14.22,24.96,32.76,13.47,27.05,92.96,0.45,41.03,54.86,36.72,5.54,49.9,0.651
8.27,30.31,38.76,0.0,31.16,98.16,0.37,33.36,36.95,76.21,6.42,48.67,0.639
7.07,21.87,36.83,0.14,35.1,88.2,0.38,37.16,36.29,75.16,9.84,46.25,0.636
4.14,17.3,50.1,0.0,26.97,98.26,0.36,25.37,31.26,71.83,6.34,42.66,0.694
5.51,18.44,51.28,0.0,20.84,96.77,0.37,22.85,29.8,77.18,5.85,41.3,0.712
13.25,30.31,38.76,0.0,31.16,98.16,0.37,33.36,36.95,76.21,6.42,49.3,0.639
2.18,12.18,69.68,0.0,13.11,98.33,0.62,11.49,19.8,79.02,2.82,37.21,0.844
2.78,27.39,56.88,0.0,20.92,99.12,0.42,18.53,25.4,76.63,7.62,38.11,0.721
6.34,18.44,51.28,0.0,20.84,96.77,0.37,22.85,29.8,77.18,5.85,38.59,0.712
13.68,27.39,56.88,0.0,20.92,99.12,0.42,18.53,25.4,76.63,7.62,44.71,0.721
7.61,30.84,39.07,0.0,38.78,91.94,0.37,39.73,35.61,76.46,10.46,50.01,0.632
5.78,27.39,56.88,0.0,20.92,99.12,0.42,18.53,25.4,76.63,7.62,43.21,0.721
5.08,30.31,38.76,0.0,31.16,98.16,0.37,33.36,36.95,76.21,6.42,46.22,0.639
